id,title,rating,reviews,typeLocation,link
,Đà Nẵng,,,Tourism,https://www.tripadvisor.com/Tourism-g298085-Da_Nang-Vacations.html
d17324749,Stella Maris Beach Đà Nẵng,5.0,2707.0,Hotel,https://www.tripadvisor.com/Hotel_Review-g298085-d17324749-Reviews-Stella_Maris_Beach_Danang-Da_Nang.html?
d11689349,Risemount Premier Resort Da Nang,4.8,1588.0,Hotel,https://www.tripadvisor.com/Hotel_Review-g298085-d11689349-Reviews-Risemount_Premier_Resort_Da_Nang-Da_Nang.html?
d13813945,HAIAN Beach Hotel & Spa,4.9,4121.0,Hotel,https://www.tripadvisor.com/Hotel_Review-g298085-d13813945-Reviews-HAIAN_Beach_Hotel_Spa-Da_Nang.html?
d6370235,Premier Village Danang Resort - Managed by Accor,4.9,3873.0,Hotel,https://www.tripadvisor.com/Hotel_Review-g298085-d6370235-Reviews-Premier_Village_Danang_Resort_Managed_by_Accor-Da_Nang.html?
d3511123,Novotel Danang Premier Han River,4.8,4309.0,Hotel,https://www.tripadvisor.com/Hotel_Review-g298085-d3511123-Reviews-Novotel_Danang_Premier_Han_River-Da_Nang.html?
d9761938,Royal Lotus Hotel Danang,4.9,3102.0,Hotel,https://www.tripadvisor.com/Hotel_Review-g298085-d9761938-Reviews-Royal_Lotus_Hotel_Danang-Da_Nang.html?
d7787047,Diamond Sea Hotel,4.7,2255.0,Hotel,https://www.tripadvisor.com/Hotel_Review-g298085-d7787047-Reviews-Diamond_Sea_Hotel-Da_Nang.html?
d454980,Núi Ngũ Hành Sơn,4.2,8175.0,Attraction,https://www.tripadvisor.com/Attraction_Review-g298085-d454980-Reviews-The_Marble_Mountains-Da_Nang.html
d6612108,Cầu Rồng,4.2,6034.0,Attraction,https://www.tripadvisor.com/Attraction_Review-g298085-d6612108-Reviews-Dragon_Bridge-Da_Nang.html
d3236066,Brilliant Hotel,4.8,3446.0,Hotel,https://www.tripadvisor.com/Hotel_Review-g298085-d3236066-Reviews-Brilliant_Hotel-Da_Nang.html?
d32859508,Bếp Lụa Restaurant,5.0,170.0,Restaurant,https://www.tripadvisor.com/Restaurant_Review-g298085-d32859508-Reviews-B_p_L_a_Restaurant-Da_Nang.html
d19935841,Santa Luxury Hotel,4.9,766.0,Hotel,https://www.tripadvisor.com/Hotel_Review-g298085-d19935841-Reviews-Santa_Luxury_Hotel-Da_Nang.html?
d24979323,Sontra Sea Hotel,4.9,176.0,Hotel,https://www.tripadvisor.com/Hotel_Review-g298085-d24979323-Reviews-Sontra_Sea_Hotel-Da_Nang.html?
d2340470,Hyatt Regency Danang Resort & Spa,4.5,4234.0,Hotel,https://www.tripadvisor.com/Hotel_Review-g298085-d2340470-Reviews-Hyatt_Regency_Danang_Resort_Spa-Da_Nang.html?
d5531576,Lady Buddha,4.5,4572.0,Attraction,https://www.tripadvisor.com/Attraction_Review-g298085-d5531576-Reviews-Lady_Buddha-Da_Nang.html
d8299463,Palmier Hotel & Apartment,4.6,169.0,Hotel,https://www.tripadvisor.com/Hotel_Review-g298085-d8299463-Reviews-Palmier_Hotel_Apartment-Da_Nang.html?
d25348702,"Crowne Plaza Danang City Centre, an IHG Hotel",4.9,290.0,Hotel,https://www.tripadvisor.com/Hotel_Review-g298085-d25348702-Reviews-Crowne_Plaza_Danang_City_Centre_an_IHG_Hotel-Da_Nang.html?
d12442254,Dylan Hotel Da Nang,4.6,127.0,Hotel,https://www.tripadvisor.com/Hotel_Review-g298085-d12442254-Reviews-Dylan_Hotel_Da_Nang-Da_Nang.html?
d12221349,Bliss Luxury Hotel,4.8,257.0,Hotel,https://www.tripadvisor.com/Hotel_Review-g298085-d12221349-Reviews-Bliss_Luxury_Hotel-Da_Nang.html?
d1732187,Pullman Danang Beach Resort,4.7,3147.0,Hotel,https://www.tripadvisor.com/Hotel_Review-g298085-d1732187-Reviews-Pullman_Danang_Beach_Resort-Da_Nang.html?
d8147265,Khách sạn Galavina Đà Nẵng,4.3,46.0,Hotel,https://www.tripadvisor.com/Hotel_Review-g298085-d8147265-Reviews-Galavina_Danang_Hotel-Da_Nang.html?
d12391393,Khách Sạn SEN Boutique,4.6,243.0,Hotel,https://www.tripadvisor.com/Hotel_Review-g298085-d12391393-Reviews-SEN_Boutique_Hotel-Da_Nang.html?
d26531902,Mercy Emerald Hotel,4.9,100.0,Hotel,https://www.tripadvisor.com/Hotel_Review-g298085-d26531902-Reviews-Mercy_Emerald_Hotel-Da_Nang.html?
d2255351,Đồi Bà Nà,4.1,7076.0,Attraction,https://www.tripadvisor.com/Attraction_Review-g298085-d2255351-Reviews-Sun_World_Ba_Na_Hills-Da_Nang.html
d15638266,Seahorse Han Market Da Nang Hostel by Haviland,4.9,106.0,Hotel,https://www.tripadvisor.com/Hotel_Review-g298085-d15638266-Reviews-Seahorse_Han_Market_Da_Nang_Hostel_by_Haviland-Da_Nang.html?
d7021088,SKY36,4.1,677.0,Attraction,https://www.tripadvisor.com/Attraction_Review-g298085-d7021088-Reviews-SKY36-Da_Nang.html
d16803052,Hải Sản Bé Biển,4.8,145.0,Restaurant,https://www.tripadvisor.com/Restaurant_Review-g298085-d16803052-Reviews-Hai_San_Be_Bien-Da_Nang.html
d2724207,Madame Lân,3.9,2135.0,Restaurant,https://www.tripadvisor.com/Restaurant_Review-g298085-d2724207-Reviews-Madame_Lan-Da_Nang.html
d17546936,Panda Spa & Massage In Danang City,5.0,767.0,Attraction,https://www.tripadvisor.com/Attraction_Review-g298085-d17546936-Reviews-Panda_Spa_Massage_In_Danang_City-Da_Nang.html
d6460711,SOCO Hotel,3.6,177.0,Hotel,https://www.tripadvisor.com/Hotel_Review-g298085-d6460711-Reviews-SOCO_Hotel-Da_Nang.html?
d13140547,Fivitel Da Nang Hotel,4.8,884.0,Hotel,https://www.tripadvisor.com/Hotel_Review-g298085-d13140547-Reviews-Fivitel_Da_Nang_Hotel-Da_Nang.html?
d13084698,Silk Spa Da Nang,4.8,818.0,Attraction,https://www.tripadvisor.com/Attraction_Review-g298085-d13084698-Reviews-Silk_Spa_Da_Nang-Da_Nang.html
d17760929,Bếp Cuốn Đà Nẵng,4.8,592.0,Restaurant,https://www.tripadvisor.com/Restaurant_Review-g298085-d17760929-Reviews-B_p_Cu_n_Da_N_ng-Da_Nang.html
d4339766,Khách sạn Hoàng Sa,4.4,156.0,Hotel,https://www.tripadvisor.com/Hotel_Review-g298085-d4339766-Reviews-Hoang_Sa_Hotel-Da_Nang.html?
d9702684,Hadana Boutique Hotel,4.9,2114.0,Hotel,https://www.tripadvisor.com/Hotel_Review-g298085-d9702684-Reviews-Hadana_Boutique_Hotel-Da_Nang.html?
d9853219,Khách sạn Grand Tourane,4.8,850.0,Hotel,https://www.tripadvisor.com/Hotel_Review-g298085-d9853219-Reviews-Grand_Tourane_Hotel-Da_Nang.html?
d13008083,San Marino Boutique Danang,4.9,839.0,Hotel,https://www.tripadvisor.com/Hotel_Review-g298085-d13008083-Reviews-San_Marino_Boutique_Danang-Da_Nang.html?
d14794498,Ruby Light Hotel by NNT Hotel Collection,4.8,207.0,Hotel,https://www.tripadvisor.com/Hotel_Review-g298085-d14794498-Reviews-Ruby_Light_Hotel_by_NNT_Hotel_Collection-Da_Nang.html?
d15142242,Eden Hotel Danang,4.7,327.0,Hotel,https://www.tripadvisor.com/Hotel_Review-g298085-d15142242-Reviews-Eden_Hotel_Danang-Da_Nang.html?
d15225205,Grand Sunrise Boutique Hotel,4.9,569.0,Hotel,https://www.tripadvisor.com/Hotel_Review-g298085-d15225205-Reviews-Grand_Sunrise_Boutique_Hotel-Da_Nang.html?
d9570796,Ana Maison Boutique Hotel,4.4,298.0,Hotel,https://www.tripadvisor.com/Hotel_Review-g298085-d9570796-Reviews-Ana_Maison_Boutique_Hotel-Da_Nang.html?
d27935364,M Hotel Danang,4.8,468.0,Hotel,https://www.tripadvisor.com/Hotel_Review-g298085-d27935364-Reviews-M_Hotel_Danang-Da_Nang.html?
d19453440,Mường Thanh Luxury Sông Hàn Hotel,4.9,284.0,Hotel,https://www.tripadvisor.com/Hotel_Review-g298085-d19453440-Reviews-Mu_ng_Thanh_Luxury_Song_Han_Hotel-Da_Nang.html?
d13297744,Nhu Minh Plaza Danang Hotel,5.0,1162.0,Hotel,https://www.tripadvisor.com/Hotel_Review-g298085-d13297744-Reviews-Nhu_Minh_Plaza_Danang_Hotel-Da_Nang.html?
d12645634,Parosand Danang Hotel (Belle Maison Parosand Danang),4.9,4802.0,Hotel,https://www.tripadvisor.com/Hotel_Review-g298085-d12645634-Reviews-Parosand_Danang_Hotel_Belle_Maison_Parosand_Danang-Da_Nang.html?
d14991251,Cầu Vàng,4.0,865.0,Attraction,https://www.tripadvisor.com/Attraction_Review-g298085-d14991251-Reviews-Golden_Bridge-Da_Nang.html
d12919657,Hilton Da Nang,4.9,2786.0,Hotel,https://www.tripadvisor.com/Hotel_Review-g298085-d12919657-Reviews-Hilton_Da_Nang-Da_Nang.html?
d1198755,Khách sạn Đà Nẵng Riverside,3.7,150.0,Hotel,https://www.tripadvisor.com/Hotel_Review-g298085-d1198755-Reviews-Da_Nang_Riverside_Hotel-Da_Nang.html?
d26723722,Van May Restaurant,5.0,343.0,Restaurant,https://www.tripadvisor.com/Restaurant_Review-g298085-d26723722-Reviews-Van_May_Restaurant-Da_Nang.html
d19273750,MAMA HOT POT Buffet - Võ Văn Kiệt,4.9,125.0,Restaurant,https://www.tripadvisor.com/Restaurant_Review-g298085-d19273750-Reviews-MAMA_HOT_POT_Buffet_Vo_Van_Ki_t-Da_Nang.html
d30051760,Nhà Hàng Làn Gió,4.9,259.0,Restaurant,https://www.tripadvisor.com/Restaurant_Review-g298085-d30051760-Reviews-Nha_Hang_Lan_Gio-Da_Nang.html
d4346231,Eden Plaza Đà Nẵng Hotel,4.1,257.0,Hotel,https://www.tripadvisor.com/Hotel_Review-g298085-d4346231-Reviews-Eden_Plaza_Da_Nang_Hotel-Da_Nang.html?
d8544487,Avatar Hotel Da Nang,4.7,1052.0,Hotel,https://www.tripadvisor.com/Hotel_Review-g298085-d8544487-Reviews-Avatar_Hotel_Da_Nang-Da_Nang.html?
d13188737,Satya Da Nang Hotel,4.8,540.0,Hotel,https://www.tripadvisor.com/Hotel_Review-g298085-d13188737-Reviews-Satya_Da_Nang_Hotel-Da_Nang.html?
d13454359,Hanami Hotel Danang,4.4,26.0,Hotel,https://www.tripadvisor.com/Hotel_Review-g298085-d13454359-Reviews-Hanami_Hotel_Danang-Da_Nang.html?
d20063843,HAIAN Riverfront Hotel Danang,4.9,1662.0,Hotel,https://www.tripadvisor.com/Hotel_Review-g298085-d20063843-Reviews-HAIAN_Riverfront_Hotel_Danang-Da_Nang.html?
d11962134,Brilliant Top Bar,4.9,1365.0,Restaurant,https://www.tripadvisor.com/Restaurant_Review-g298085-d11962134-Reviews-Brilliant_Top_Bar-Da_Nang.html
d8115500,DHC Marina,3.8,204.0,Attraction,https://www.tripadvisor.com/Attraction_Review-g298085-d8115500-Reviews-DHC_Marina-Da_Nang.html
d23169144,Khách sạn Radisson Đà Nẵng,4.8,1136.0,Hotel,https://www.tripadvisor.com/Hotel_Review-g298085-d23169144-Reviews-Radisson_Hotel_Danang-Da_Nang.html?
d24982748,Ăn Thôi Đà Nẵng,4.9,986.0,Restaurant,https://www.tripadvisor.com/Restaurant_Review-g298085-d24982748-Reviews-An_Thoi_Da_Nang-Da_Nang.html
d6161470,Fivitel Boutique Da Nang,4.5,408.0,Hotel,https://www.tripadvisor.com/Hotel_Review-g298085-d6161470-Reviews-Fivitel_Boutique_Da_Nang-Da_Nang.html?
d25430827,ADM Club,4.7,124.0,Attraction,https://www.tripadvisor.com/Attraction_Review-g298085-d25430827-Reviews-ADM_Club-Da_Nang.html
d8291301,Asia Park,4.1,759.0,Attraction,https://www.tripadvisor.com/Attraction_Review-g298085-d8291301-Reviews-Asia_Park-Da_Nang.html
d6533098,Khách sạn A La Carte,4.4,2263.0,Hotel,https://www.tripadvisor.com/Hotel_Review-g298085-d6533098-Reviews-A_La_Carte_Da_Nang_Beach-Da_Nang.html?
d12639177,3D Museum Art in Paradise Danang,4.7,337.0,Attraction,https://www.tripadvisor.com/Attraction_Review-g298085-d12639177-Reviews-3D_Museum_Art_in_Paradise_Danang-Da_Nang.html
d12882219,Cơm Nhà Linh,4.6,231.0,Restaurant,https://www.tripadvisor.com/Restaurant_Review-g298085-d12882219-Reviews-Com_Nha_Linh_Vietnamese_cuisine-Da_Nang.html
d454979,Bảo tàng điêu khắc Chăm thành phố Đà Nẵng,3.9,1554.0,Attraction,https://www.tripadvisor.com/Attraction_Review-g298085-d454979-Reviews-Da_Nang_Museum_of_Cham_Sculpture-Da_Nang.html
d1575735,Khách sạn One Opera Đà Nẵng,4.5,211.0,Hotel,https://www.tripadvisor.com/Hotel_Review-g298085-d1575735-Reviews-One_Opera_Danang_Hotel-Da_Nang.html?
d12273530,Nhà Thờ Chính Tòa Đà Nẵng,3.7,885.0,Attraction,https://www.tripadvisor.com/Attraction_Review-g298085-d12273530-Reviews-Da_Nang_Catheral-Da_Nang.html
d7403837,Khách sạn Sofia Boutique Đà Nẵng,4.7,1001.0,Hotel,https://www.tripadvisor.com/Hotel_Review-g298085-d7403837-Reviews-Sofia_Boutique_Hotel_Da_Nang-Da_Nang.html?
d17695824,Ocean View Hotel Da Nang,4.6,38.0,Hotel,https://www.tripadvisor.com/Hotel_Review-g298085-d17695824-Reviews-Ocean_View_Hotel_Da_Nang-Da_Nang.html?
d15588293,Du lịch Đà Nẵng Xanh,4.8,94.0,Attraction,https://www.tripadvisor.com/Attraction_Review-g298085-d15588293-Reviews-Danang_Green_Travel-Da_Nang.html
d12536704,Continent Hotel Da Nang,4.4,49.0,Hotel,https://www.tripadvisor.com/Hotel_Review-g298085-d12536704-Reviews-Continent_Hotel_Da_Nang-Da_Nang.html?
d14058690,Balcona Hotel Da Nang,4.9,2017.0,Hotel,https://www.tripadvisor.com/Hotel_Review-g298085-d14058690-Reviews-Balcona_Hotel_Da_Nang-Da_Nang.html?
d15327970,Rosamia Da Nang Hotel,4.9,264.0,Hotel,https://www.tripadvisor.com/Hotel_Review-g298085-d15327970-Reviews-Rosamia_Da_Nang_Hotel-Da_Nang.html?
d2151597,Grand Mercure Danang,4.8,3259.0,Hotel,https://www.tripadvisor.com/Hotel_Review-g298085-d2151597-Reviews-Grand_Mercure_Danang-Da_Nang.html?
d13326393,Sheraton Grand Danang Beach Resort & Spa,4.8,1653.0,Hotel,https://www.tripadvisor.com/Hotel_Review-g298085-d13326393-Reviews-Sheraton_Grand_Danang_Beach_Resort_Spa-Da_Nang.html?
d6609499,Melia Danang Beach Resort,4.6,2078.0,Hotel,https://www.tripadvisor.com/Hotel_Review-g298085-d6609499-Reviews-Melia_Danang_Beach_Resort-Da_Nang.html?
d8262778,Queen Spa,4.7,690.0,Attraction,https://www.tripadvisor.com/Attraction_Review-g298085-d8262778-Reviews-Queen_Spa-Da_Nang.html
d32989185,Buzz Bbq&beer,5.0,143.0,Restaurant,https://www.tripadvisor.com/Restaurant_Review-g298085-d32989185-Reviews-Buzz_Bbq_beer-Da_Nang.html
d9874032,Serene Beach Hotel Danang,5.0,1188.0,Hotel,https://www.tripadvisor.com/Hotel_Review-g298085-d9874032-Reviews-Serene_Beach_Hotel_Danang-Da_Nang.html?
d8462721,Khách sạn Le House,4.3,140.0,Hotel,https://www.tripadvisor.com/Hotel_Review-g298085-d8462721-Reviews-Le_House_Boutique_Hotel-Da_Nang.html?
d7787334,Khách sạn Green House,4.5,279.0,Hotel,https://www.tripadvisor.com/Hotel_Review-g298085-d7787334-Reviews-Green_House_Hotel-Da_Nang.html?
d10021611,Khách sạn Grand Sea,4.4,67.0,Hotel,https://www.tripadvisor.com/Hotel_Review-g298085-d10021611-Reviews-Grand_Sea_Hotel-Da_Nang.html?
d21020893,Canvas Danang Beach Hotel,4.9,960.0,Hotel,https://www.tripadvisor.com/Hotel_Review-g298085-d21020893-Reviews-Canvas_Danang_Beach_Hotel-Da_Nang.html?
d17695754,Chicland Hotel,4.9,651.0,Hotel,https://www.tripadvisor.com/Hotel_Review-g298085-d17695754-Reviews-Chicland_Hotel-Da_Nang.html?
d10153833,BlueSun Danang Beach Hotel,4.9,1006.0,Hotel,https://www.tripadvisor.com/Hotel_Review-g298085-d10153833-Reviews-BlueSun_Danang_Beach_Hotel-Da_Nang.html?
d7932663,Vanda Hotel,4.7,1322.0,Hotel,https://www.tripadvisor.com/Hotel_Review-g298085-d7932663-Reviews-Vanda_Hotel-Da_Nang.html?
d23276595,M Suite Danang,4.9,241.0,Hotel,https://www.tripadvisor.com/Hotel_Review-g298085-d23276595-Reviews-M_Suite_Danang-Da_Nang.html?
d12117671,Khách Sạn Adaline,4.4,271.0,Hotel,https://www.tripadvisor.com/Hotel_Review-g298085-d12117671-Reviews-Adaline_Hotel_Suite-Da_Nang.html?
d11895549,Khách Sạn Luxtery,4.8,193.0,Hotel,https://www.tripadvisor.com/Hotel_Review-g298085-d11895549-Reviews-Luxtery_Hotel-Da_Nang.html?
d9813997,Helios Boutique Hotel & Spa,4.7,569.0,Hotel,https://www.tripadvisor.com/Hotel_Review-g298085-d9813997-Reviews-Helios_Boutique_Hotel_Spa-Da_Nang.html?
d13846812,Altara Suites,4.7,624.0,Hotel,https://www.tripadvisor.com/Hotel_Review-g298085-d13846812-Reviews-Altara_Suites-Da_Nang.html?
d25463081,Estrella Boutique Hotel,4.9,621.0,Hotel,https://www.tripadvisor.com/Hotel_Review-g298085-d25463081-Reviews-Estrella_Boutique_Hotel-Da_Nang.html?
d13228168,Lamuno Hotel,4.8,284.0,Hotel,https://www.tripadvisor.com/Hotel_Review-g298085-d13228168-Reviews-Lamuno_Hotel-Da_Nang.html?
d13228168,Lamuno Hotel,4.8,284.0,Hotel,https://www.tripadvisor.com/Hotel_Review-g298085-d13228168-Reviews-Lamuno_Hotel-Da_Nang.html?
d5038728,Khách Sạn Holiday Beach Danang,4.5,1084.0,Hotel,https://www.tripadvisor.com/Hotel_Review-g298085-d5038728-Reviews-Holiday_Beach_Hotel_Danang-Da_Nang.html?
d15216444,Brilliant Restaurant,4.8,310.0,Restaurant,https://www.tripadvisor.com/Restaurant_Review-g298085-d15216444-Reviews-Brilliant_Restaurant-Da_Nang.html
d10530887,Helio Center,4.1,78.0,Attraction,https://www.tripadvisor.com/Attraction_Review-g298085-d10530887-Reviews-Helio_Center-Da_Nang.html
d16891462,Sala Danang Beach Hotel,4.9,2808.0,Hotel,https://www.tripadvisor.com/Hotel_Review-g298085-d16891462-Reviews-Sala_Danang_Beach_Hotel-Da_Nang.html?
d17853463,G8 Luxury Hotel and Spa Da Nang,4.9,968.0,Hotel,https://www.tripadvisor.com/Hotel_Review-g298085-d17853463-Reviews-G8_Luxury_Hotel_and_Spa_Da_Nang-Da_Nang.html?
d8496273,Le Rendez Vous,4.3,364.0,Restaurant,https://www.tripadvisor.com/Restaurant_Review-g298085-d8496273-Reviews-Le_Rendez_Vous-Da_Nang.html
d2361273,Highlands Coffee,3.8,222.0,Restaurant,https://www.tripadvisor.com/Restaurant_Review-g298085-d2361273-Reviews-Highlands_Coffee-Da_Nang.html
d10107611,OQ Lounge Pub DnD,4.4,79.0,Attraction,https://www.tripadvisor.com/Attraction_Review-g298085-d10107611-Reviews-OQ_Lounge_Pub_DnD-Da_Nang.html
d17379315,The Memory Đà Nẵng,4.8,123.0,Hotel,https://www.tripadvisor.com/Hotel_Review-g298085-d17379315-Reviews-The_Memory_Danang-Da_Nang.html?
d17695727,Hanh & Ken - Authentic Vietnamese Cuisine,5.0,51.0,Restaurant,https://www.tripadvisor.com/Restaurant_Review-g298085-d17695727-Reviews-Hanh_Ken_Authentic_Vietnamese_Cuisine-Da_Nang.html
d12250108,May Hotel,4.5,16.0,Hotel,https://www.tripadvisor.com/Hotel_Review-g298085-d12250108-Reviews-May_Hotel-Da_Nang.html?
d4870701,Happy Day Hotel Da Nang,3.8,138.0,Hotel,https://www.tripadvisor.com/Hotel_Review-g298085-d4870701-Reviews-Happy_Day_Hotel_Da_Nang-Da_Nang.html?
d27540572,V-hotel Da Nang Beach,4.9,20.0,Hotel,https://www.tripadvisor.com/Hotel_Review-g298085-d27540572-Reviews-V_hotel_Da_Nang_Beach-Da_Nang.html?
d8310428,Sân khấu - Bar ngoài trời BNF,4.4,12.0,Attraction,https://www.tripadvisor.com/Attraction_Review-g298085-d8310428-Reviews-BNF-Da_Nang.html
d23915429,Le Sands Oceanfront Danang Hotel,5.0,1569.0,Hotel,https://www.tripadvisor.com/Hotel_Review-g298085-d23915429-Reviews-Le_Sands_Oceanfront_Danang_Hotel-Da_Nang.html?
d13084590,New Orient Hotel,4.9,1725.0,Hotel,https://www.tripadvisor.com/Hotel_Review-g298085-d13084590-Reviews-New_Orient_Hotel-Da_Nang.html?
d12710754,Khách Sạn Eco Green Đà Nẵng,4.8,203.0,Hotel,https://www.tripadvisor.com/Hotel_Review-g298085-d12710754-Reviews-Eco_Green_Boutique_Hotel-Da_Nang.html?
d17379452,The Sail Rooftop Dining,4.9,78.0,Restaurant,https://www.tripadvisor.com/Restaurant_Review-g298085-d17379452-Reviews-The_Sail_Rooftop_Dining-Da_Nang.html
d9454948,Khách sạn Titan Đà Nẵng,4.1,127.0,Hotel,https://www.tripadvisor.com/Hotel_Review-g298085-d9454948-Reviews-Titan_Hotel-Da_Nang.html?
d12730279,Khách sạn Pavilion,4.5,153.0,Hotel,https://www.tripadvisor.com/Hotel_Review-g298085-d12730279-Reviews-Pavilion_Hotel_Da_Nang-Da_Nang.html?
d11807888,Khách sạn Paracel Đà Nẵng,4.6,134.0,Hotel,https://www.tripadvisor.com/Hotel_Review-g298085-d11807888-Reviews-Paracel_Danang_Hotel-Da_Nang.html?
d302750,Furama Resort Danang,4.7,6595.0,Hotel,https://www.tripadvisor.com/Hotel_Review-g298085-d302750-Reviews-Furama_Resort_Danang-Da_Nang.html?
d12968948,Sky View Restaurant,4.9,640.0,Restaurant,https://www.tripadvisor.com/Restaurant_Review-g298085-d12968948-Reviews-Sky_View_Restaurant-Da_Nang.html
d23848924,Bliss Hoi An Beach Resort & Wellness,4.9,882.0,Hotel,https://www.tripadvisor.com/Hotel_Review-g298085-d23848924-Reviews-Bliss_Hoi_An_Beach_Resort_Wellness-Da_Nang.html?
d24102969,Cozy Danang Boutique Hotel,5.0,2620.0,Hotel,https://www.tripadvisor.com/Hotel_Review-g298085-d24102969-Reviews-Cozy_Danang_Boutique_Hotel-Da_Nang.html?
d14094174,DLG Hotel Danang,4.9,1761.0,Hotel,https://www.tripadvisor.com/Hotel_Review-g298085-d14094174-Reviews-DLG_Hotel_Danang-Da_Nang.html?
d12404186,Furama Villas Danang,4.9,1613.0,Hotel,https://www.tripadvisor.com/Hotel_Review-g298085-d12404186-Reviews-Furama_Villas_Danang-Da_Nang.html?
d12458667,Mandila Beach Hotel Danang,4.8,1498.0,Hotel,https://www.tripadvisor.com/Hotel_Review-g298085-d12458667-Reviews-Mandila_Beach_Hotel_Danang-Da_Nang.html?
d7617524,Naman Retreat,4.8,4021.0,Hotel,https://www.tripadvisor.com/Hotel_Review-g298085-d7617524-Reviews-Naman_Retreat-Da_Nang.html?
d6834533,Nhà nghỉ Kara,3.9,36.0,Hotel,https://www.tripadvisor.com/Hotel_Review-g298085-d6834533-Reviews-Kara_Guest_House-Da_Nang.html?
d16917089,Golden Line Hotel,4.6,54.0,Hotel,https://www.tripadvisor.com/Hotel_Review-g298085-d16917089-Reviews-Golden_Line_Hotel-Da_Nang.html?
d10744399,Rosa Bayside Guesthouse,4.4,14.0,Hotel,https://www.tripadvisor.com/Hotel_Review-g298085-d10744399-Reviews-Rosa_Bayside_Guesthouse-Da_Nang.html?
d12123736,Alani Sea View Hotel,4.4,147.0,Hotel,https://www.tripadvisor.com/Hotel_Review-g298085-d12123736-Reviews-Alani_Sea_View_Hotel-Da_Nang.html?
d10151876,OYO 157 Centre Hotelạn Centre,4.4,123.0,Hotel,https://www.tripadvisor.com/Hotel_Review-g298085-d10151876-Reviews-OYO_157_Centre_Hotel-Da_Nang.html?
d16828636,Khách sạn & Spa Salmalia Boutique,4.9,380.0,Hotel,https://www.tripadvisor.com/Hotel_Review-g298085-d16828636-Reviews-Salmalia_Boutique_Hotel_Spa-Da_Nang.html?
d21015072,Golden Lotus Hotel,5.0,936.0,Hotel,https://www.tripadvisor.com/Hotel_Review-g298085-d21015072-Reviews-Golden_Lotus_Hotel-Da_Nang.html?
d17732168,Minh Boutique,4.9,301.0,Hotel,https://www.tripadvisor.com/Hotel_Review-g298085-d17732168-Reviews-Minh_Boutique-Da_Nang.html?
d32989184,Koi Spa & Wellness Da Nang,5.0,191.0,Attraction,https://www.tripadvisor.com/Attraction_Review-g298085-d32989184-Reviews-Koi_Spa_Wellness_Da_Nang-Da_Nang.html
d17793689,Glamour Hotel Da Nang,4.8,54.0,Hotel,https://www.tripadvisor.com/Hotel_Review-g298085-d17793689-Reviews-Glamour_Hotel_Da_Nang-Da_Nang.html?
d9809627,Khách sạn Sông Hàn Đà Nẵng,4.5,55.0,Hotel,https://www.tripadvisor.com/Hotel_Review-g298085-d9809627-Reviews-Da_nang_Han_River_Hotel-Da_Nang.html?
d28663070,Signature By M Village Đà Nẵng Heritage,5.0,34.0,Hotel,https://www.tripadvisor.com/Hotel_Review-g298085-d28663070-Reviews-Signature_By_M_Village_Da_N_ng_Heritage-Da_Nang.html?
d15521854,Khách sạn Grand Citiview Đà Nẵng,4.8,155.0,Hotel,https://www.tripadvisor.com/Hotel_Review-g298085-d15521854-Reviews-Grand_Citiview_Danang_Hotel-Da_Nang.html?
d27095738,Rang.danang,4.9,542.0,Restaurant,https://www.tripadvisor.com/Restaurant_Review-g298085-d27095738-Reviews-Rang_danang-Da_Nang.html
d33331838,Brewhaha Danang - Local Craft Beer House,5.0,22.0,Restaurant,https://www.tripadvisor.com/Restaurant_Review-g298085-d33331838-Reviews-Brewhaha_Danang_Local_Craft_Beer_House-Da_Nang.html
d10687658,Khách sạn Fantastic Đà nẵng,3.6,5.0,Hotel,https://www.tripadvisor.com/Hotel_Review-g298085-d10687658-Reviews-Fantastic_Danang_Hostel-Da_Nang.html?
d12199240,Trang Sức Gỗ Quý LHC,5.0,21.0,Attraction,https://www.tripadvisor.com/Attraction_Review-g298085-d12199240-Reviews-LHC_Wooden_Handcrafted_Jewelry_and_Gifts-Da_Nang.html
d6930541,Khách sạn Bắc Cường,3.3,122.0,Hotel,https://www.tripadvisor.com/Hotel_Review-g298085-d6930541-Reviews-Bac_Cuong_Hotel-Da_Nang.html?
d9593925,Memory Hostel,4.4,121.0,Hotel,https://www.tripadvisor.com/Hotel_Review-g298085-d9593925-Reviews-Memory_Hostel-Da_Nang.html?
d27122159,Palazzo Boutique Hotel,4.9,45.0,Hotel,https://www.tripadvisor.com/Hotel_Review-g298085-d27122159-Reviews-Palazzo_Boutique_Hotel-Da_Nang.html?
d14937754,Raon Apartment and Hotel,4.7,40.0,Hotel,https://www.tripadvisor.com/Hotel_Review-g298085-d14937754-Reviews-Raon_Apartment_and_Hotel-Da_Nang.html?
d6434836,Doha Central Bliss Danang Hotel By Haviland,4.7,33.0,Hotel,https://www.tripadvisor.com/Hotel_Review-g298085-d6434836-Reviews-Doha_Central_Bliss_Danang_Hotel_By_Haviland-Da_Nang.html?
d3308717,Khách sạn Angel,4.6,27.0,Hotel,https://www.tripadvisor.com/Hotel_Review-g298085-d3308717-Reviews-Angel_Hotel-Da_Nang.html?
d10182530,Khách sạn Golden Light,4.6,40.0,Hotel,https://www.tripadvisor.com/Hotel_Review-g298085-d10182530-Reviews-Golden_Light_Hotel-Da_Nang.html?
d15682297,Maison Phuong Hotel & Apartment,4.8,38.0,Hotel,https://www.tripadvisor.com/Hotel_Review-g298085-d15682297-Reviews-Maison_Phuong_Hotel_Apartment-Da_Nang.html?
d15225219,Chula Hotel,4.8,10.0,Hotel,https://www.tripadvisor.com/Hotel_Review-g298085-d15225219-Reviews-Chula_Hotel-Da_Nang.html?
d1656977,Sơn Trà Resort &Spa,3.9,217.0,Hotel,https://www.tripadvisor.com/Hotel_Review-g298085-d1656977-Reviews-Son_Tra_Resort_Spa-Da_Nang.html?
d12634554,Pariat River Front Hotel,4.1,101.0,Hotel,https://www.tripadvisor.com/Hotel_Review-g298085-d12634554-Reviews-Pariat_River_Front_Hotel-Da_Nang.html?
d6924963,Hava Hotel,3.9,57.0,Hotel,https://www.tripadvisor.com/Hotel_Review-g298085-d6924963-Reviews-Hava_Hotel-Da_Nang.html?
d12579296,Cocobay Vietnam,3.6,69.0,Hotel,https://www.tripadvisor.com/Hotel_Review-g298085-d12579296-Reviews-Cocobay_Vietnam-Da_Nang.html?
d6697462,Sanouva Danang Hotel,4.8,2032.0,Hotel,https://www.tripadvisor.com/Hotel_Review-g298085-d6697462-Reviews-Sanouva_Danang_Hotel-Da_Nang.html?
d26554265,Awaken Danang Hotel,4.9,747.0,Hotel,https://www.tripadvisor.com/Hotel_Review-g298085-d26554265-Reviews-Awaken_Danang_Hotel-Da_Nang.html?
d13964367,Parze Ocean Hotel & Spa,4.7,75.0,Hotel,https://www.tripadvisor.com/Hotel_Review-g298085-d13964367-Reviews-Parze_Ocean_Hotel_Spa-Da_Nang.html?
d19482545,Daisy Boutique Hotel,5.0,377.0,Hotel,https://www.tripadvisor.com/Hotel_Review-g298085-d19482545-Reviews-Daisy_Boutique_Hotel-Da_Nang.html?
d12646017,Raon Danang Beach,4.5,52.0,Hotel,https://www.tripadvisor.com/Hotel_Review-g298085-d12646017-Reviews-Raon_Danang_Beach-Da_Nang.html?
d12184298,White Sand Boutique Hotel,4.6,161.0,Hotel,https://www.tripadvisor.com/Hotel_Review-g298085-d12184298-Reviews-White_Sand_Boutique_Hotel-Da_Nang.html?
d11779930,Sofia Suite Hotel & Spa Danang,4.9,951.0,Hotel,https://www.tripadvisor.com/Hotel_Review-g298085-d11779930-Reviews-Sofia_Suite_Hotel_Spa_Danang-Da_Nang.html?
d14016792,Greenery Hotel Danang,4.7,104.0,Hotel,https://www.tripadvisor.com/Hotel_Review-g298085-d14016792-Reviews-Greenery_Hotel_Danang-Da_Nang.html?
d23976746,Draco Hotel & Suites,4.8,241.0,Hotel,https://www.tripadvisor.com/Hotel_Review-g298085-d23976746-Reviews-Draco_Hotel_Suites-Da_Nang.html?
d5599000,Han Market,3.3,642.0,Attraction,https://www.tripadvisor.com/Attraction_Review-g298085-d5599000-Reviews-Han_Market-Da_Nang.html
d2091818,Memory Lounge,3.6,143.0,Restaurant,https://www.tripadvisor.com/Restaurant_Review-g298085-d2091818-Reviews-Memory_Lounge-Da_Nang.html
d14094412,Kaka Hotel Đà Nẵng,4.2,11.0,Hotel,https://www.tripadvisor.com/Hotel_Review-g298085-d14094412-Reviews-Kaka_Hotel_Han_River-Da_Nang.html?
d12569677,Công Viên Suối Khoáng Nóng Núi Thần Tài,3.8,35.0,Attraction,https://www.tripadvisor.com/Attraction_Review-g298085-d12569677-Reviews-Cong_Vien_Suoi_Khoang_Nong_Nui_Than_Tai-Da_Nang.html
d8693059,Beach Paradise Sauna & Massage,4.5,92.0,Attraction,https://www.tripadvisor.com/Attraction_Review-g298085-d8693059-Reviews-Beach_Paradise_Sauna_Massage-Da_Nang.html
d17321627,Golden Lotus Oriental Organic Spa 2,4.9,68.0,Attraction,https://www.tripadvisor.com/Attraction_Review-g298085-d17321627-Reviews-Golden_Lotus_Oriental_Organic_Spa_2-Da_Nang.html
d27132293,B&B Bakery,4.5,34.0,Restaurant,https://www.tripadvisor.com/Restaurant_Review-g298085-d27132293-Reviews-B_B_Bakery-Da_Nang.html
d25073751,La Cabaña,4.9,366.0,Restaurant,https://www.tripadvisor.com/Restaurant_Review-g298085-d25073751-Reviews-La_Cabana-Da_Nang.html
d2557285,Vinh Trung Plaza - Apartment & Hotel,3.4,77.0,Hotel,https://www.tripadvisor.com/Hotel_Review-g298085-d2557285-Reviews-Vinh_Trung_Plaza_Apartment_Hotel-Da_Nang.html?
d2298509,The Ocean Villas Resort,4.2,348.0,Hotel,https://www.tripadvisor.com/Hotel_Review-g298085-d2298509-Reviews-The_Ocean_Villas_Resort-Da_Nang.html?
d8650920,Khách sạn Hoàng Linh Đan,4.2,12.0,Hotel,https://www.tripadvisor.com/Hotel_Review-g298085-d8650920-Reviews-Hoang_Linh_Dan_Hotel-Da_Nang.html?
d6599489,Minh Toan Galaxy Hotel,3.8,170.0,Hotel,https://www.tripadvisor.com/Hotel_Review-g298085-d6599489-Reviews-Minh_Toan_Galaxy_Hotel-Da_Nang.html?
d12452489,Khách Sạn Dana Marina,4.1,71.0,Hotel,https://www.tripadvisor.com/Hotel_Review-g298085-d12452489-Reviews-Dana_Marina_Hotel-Da_Nang.html?
d11739404,Khách Sạn Palazzo Hotel & Apartment,3.9,46.0,Hotel,https://www.tripadvisor.com/Hotel_Review-g298085-d11739404-Reviews-Palazzo_Hotel_Apartment-Da_Nang.html?
d21321518,Abogo,4.5,17.0,Hotel,https://www.tripadvisor.com/Hotel_Review-g298085-d21321518-Reviews-Abogo-Da_Nang.html?
d24838643,Alan Sea Hotel Danang,4.8,174.0,Hotel,https://www.tripadvisor.com/Hotel_Review-g298085-d24838643-Reviews-Alan_Sea_Hotel_Danang-Da_Nang.html?
d27421796,Thè Hem Hotel And Apartment,4.9,92.0,Hotel,https://www.tripadvisor.com/Hotel_Review-g298085-d27421796-Reviews-The_Hem_Hotel_And_Apartment-Da_Nang.html?
d6561293,Connect Hotel,4.0,68.0,Hotel,https://www.tripadvisor.com/Hotel_Review-g298085-d6561293-Reviews-Connect_Hotel-Da_Nang.html?
d10049985,Khách Sạn Valentine,3.9,44.0,Hotel,https://www.tripadvisor.com/Hotel_Review-g298085-d10049985-Reviews-Valentine_Hotel-Da_Nang.html?
d12268599,Grandvrio City Danang By Route Inn Group,4.8,1017.0,Hotel,https://www.tripadvisor.com/Hotel_Review-g298085-d12268599-Reviews-Grandvrio_City_Danang_By_Route_Inn_Group-Da_Nang.html?
d16952134,Roliva Hotel & Apartment Danang,4.7,41.0,Hotel,https://www.tripadvisor.com/Hotel_Review-g298085-d16952134-Reviews-Roliva_Hotel_Apartment_Danang-Da_Nang.html?
d12056149,Khách Sạn Hùng Anh,3.9,21.0,Hotel,https://www.tripadvisor.com/Hotel_Review-g298085-d12056149-Reviews-Delicate_Da_Nang_Beach_Hotel-Da_Nang.html?
d17702484,Cho Thuê Xe Máy Bảo Tín,5.0,1.0,Attraction,https://www.tripadvisor.com/Attraction_Review-g298085-d17702484-Reviews-Cho_Thue_Xe_May_Bao_Tin-Da_Nang.html
d8553112,Locked Danang - Escape Room Game,4.8,102.0,Attraction,https://www.tripadvisor.com/Attraction_Review-g298085-d8553112-Reviews-Locked_Danang_Escape_Room_Game-Da_Nang.html
d5964779,Tuan Phong Hotel,3.8,24.0,Hotel,https://www.tripadvisor.com/Hotel_Review-g298085-d5964779-Reviews-Tuan_Phong_Hotel-Da_Nang.html?
d807151,SenRiver Hotel,3.9,284.0,Hotel,https://www.tripadvisor.com/Hotel_Review-g298085-d807151-Reviews-SenRiver_Hotel-Da_Nang.html?
d3313558,Adina Hotel,2.5,41.0,Hotel,https://www.tripadvisor.com/Hotel_Review-g298085-d3313558-Reviews-Adina_Hotel-Da_Nang.html?
d5964916,Khách sạn An Thịnh Lộc,1.8,4.0,Hotel,https://www.tripadvisor.com/Hotel_Review-g298085-d5964916-Reviews-An_Thinh_Loc_Hotel-Da_Nang.html?
d2408808,Phi Yen Hotel,4.0,20.0,Hotel,https://www.tripadvisor.com/Hotel_Review-g298085-d2408808-Reviews-Phi_Yen_Hotel-Da_Nang.html?
d3794926,Princess Hotel,4.2,73.0,Hotel,https://www.tripadvisor.com/Hotel_Review-g298085-d3794926-Reviews-Princess_Hotel-Da_Nang.html?
d15679789,Nostalgia DS Hotel,3.9,18.0,Hotel,https://www.tripadvisor.com/Hotel_Review-g298085-d15679789-Reviews-Nostalgia_DS_Hotel-Da_Nang.html?
d3794165,Hien Hoa Hotel Danang,3.3,8.0,Hotel,https://www.tripadvisor.com/Hotel_Review-g298085-d3794165-Reviews-Hien_Hoa_Hotel_Danang-Da_Nang.html?
d6405717,Bin Star Hotel,4.0,50.0,Hotel,https://www.tripadvisor.com/Hotel_Review-g298085-d6405717-Reviews-Bin_Star_Hotel-Da_Nang.html?
d1907708,Mango Hotel,4.0,87.0,Hotel,https://www.tripadvisor.com/Hotel_Review-g298085-d1907708-Reviews-Mango_Hotel-Da_Nang.html?
d3794165,Hien Hoa Hotel Danang,3.3,8.0,Hotel,https://www.tripadvisor.com/Hotel_Review-g298085-d3794165-Reviews-Hien_Hoa_Hotel_Danang-Da_Nang.html?
d12161722,Nui Than Tai - Ebisu Onsen Hotel,3.6,48.0,Hotel,https://www.tripadvisor.com/Hotel_Review-g298085-d12161722-Reviews-Nui_Than_Tai_Ebisu_Onsen_Hotel-Da_Nang.html?
d12417548,Danang Moment - Boutique Serviced Apartment,5.0,70.0,Hotel,https://www.tripadvisor.com/Hotel_Review-g298085-d12417548-Reviews-Danang_Moment_Boutique_Serviced_Apartment-Da_Nang.html?
d15638479,Ten to Ten Danang,4.9,86.0,Hotel,https://www.tripadvisor.com/Hotel_Review-g298085-d15638479-Reviews-Ten_to_Ten_Danang-Da_Nang.html?
d33122785,Nghé Homestay & Apartment,4.6,10.0,Hotel,https://www.tripadvisor.com/Hotel_Review-g298085-d33122785-Reviews-Nghe_Homestay_Apartment-Da_Nang.html?
d6922927,Nhat Linh Danang Hotel,4.4,66.0,Hotel,https://www.tripadvisor.com/Hotel_Review-g298085-d6922927-Reviews-Nhat_Linh_Danang_Hotel-Da_Nang.html?
d15146678,Val Soleil Hotel,4.6,75.0,Hotel,https://www.tripadvisor.com/Hotel_Review-g298085-d15146678-Reviews-Val_Soleil_Hotel-Da_Nang.html?
d15239300,Win's Homestay,4.6,9.0,Hotel,https://www.tripadvisor.com/Hotel_Review-g298085-d15239300-Reviews-Win_s_Homestay-Da_Nang.html?
d15300519,Monsieur Diesel Hotel Danang,5.0,22.0,Hotel,https://www.tripadvisor.com/Hotel_Review-g298085-d15300519-Reviews-Monsieur_Diesel_Hotel_Danang-Da_Nang.html?
d10632798,Nhat Minh Hotel and Apartment,4.4,62.0,Hotel,https://www.tripadvisor.com/Hotel_Review-g298085-d10632798-Reviews-Nhat_Minh_Hotel_and_Apartment-Da_Nang.html?
d7374825,Khách sạn Night Sky,4.6,326.0,Hotel,https://www.tripadvisor.com/Hotel_Review-g298085-d7374825-Reviews-Night_Sky_Hotel-Da_Nang.html?
d12157951,Khách Sạn La Lune,4.5,32.0,Hotel,https://www.tripadvisor.com/Hotel_Review-g298085-d12157951-Reviews-La_Lune_Hotel-Da_Nang.html?
d11673158,Vy Thuyen Hotel,4.5,20.0,Hotel,https://www.tripadvisor.com/Hotel_Review-g298085-d11673158-Reviews-Vy_Thuyen_Hotel-Da_Nang.html?
d12207726,An Hoi Canary Hotel,4.2,16.0,Hotel,https://www.tripadvisor.com/Hotel_Review-g298085-d12207726-Reviews-An_Hoi_Canary_Hotel-Da_Nang.html?
d10317572,Khách sạn Danaciti,4.6,33.0,Hotel,https://www.tripadvisor.com/Hotel_Review-g298085-d10317572-Reviews-Danaciti_Hotel-Da_Nang.html?
d12222354,Khách Sạn Nam Anh,4.4,7.0,Hotel,https://www.tripadvisor.com/Hotel_Review-g298085-d12222354-Reviews-Nam_Anh_Hotel-Da_Nang.html?
d12970369,Haka Hotel & Apartment,4.8,204.0,Hotel,https://www.tripadvisor.com/Hotel_Review-g298085-d12970369-Reviews-Haka_Hotel_Apartment-Da_Nang.html?
d28200070,For You Club Da Nang,5.0,5.0,Attraction,https://www.tripadvisor.com/Attraction_Review-g298085-d28200070-Reviews-For_You_Club_Da_Nang-Da_Nang.html
d29037178,Banh Xeo Cuoi Da Nang,4.9,38.0,Restaurant,https://www.tripadvisor.com/Restaurant_Review-g298085-d29037178-Reviews-Banh_Xeo_Cuoi_Ha_Noi_Egg_Coffee-Da_Nang.html
d609548,Khách sạn Bãi biển Mỹ Khê,3.0,24.0,Hotel,https://www.tripadvisor.com/Hotel_Review-g298085-d609548-Reviews-My_Khe_Beach_Hotel-Da_Nang.html?
d17453857,The Samson Boutique Hotel,4.0,4.0,Hotel,https://www.tripadvisor.com/Hotel_Review-g298085-d17453857-Reviews-The_Samson_Boutique-Da_Nang.html?
d8772704,Khách sạn San San,3.4,31.0,Hotel,https://www.tripadvisor.com/Hotel_Review-g298085-d8772704-Reviews-San_San_Hotel-Da_Nang.html?
d1625380,Khách sạn Thời Đại,3.8,20.0,Hotel,https://www.tripadvisor.com/Hotel_Review-g298085-d1625380-Reviews-Thoi_Dai_Hotel-Da_Nang.html?
d17531634,Hạnh Phước Hotel,3.3,3.0,Hotel,https://www.tripadvisor.com/Hotel_Review-g298085-d17531634-Reviews-Hanh_Phuoc_Hotel-Da_Nang.html?
d8013255,4Sisters Hostel,4.4,471.0,Hotel,https://www.tripadvisor.com/Hotel_Review-g298085-d8013255-Reviews-4Sisters_Hostel-Da_Nang.html?
d10437837,Khách sạn Danang Beach 2,4.6,45.0,Hotel,https://www.tripadvisor.com/Hotel_Review-g298085-d10437837-Reviews-Danang_Beach_2_Hotel-Da_Nang.html?
d12384679,Grand Jeep Hotel Danang,4.4,25.0,Hotel,https://www.tripadvisor.com/Hotel_Review-g298085-d12384679-Reviews-Grand_Jeep_Hotel_Danang-Da_Nang.html?
d12238939,Nhà Nghỉ Little Flower,5.0,20.0,Hotel,https://www.tripadvisor.com/Hotel_Review-g298085-d12238939-Reviews-Little_Flower_Homestay-Da_Nang.html?
d14170091,Orenchi Bar & Lounge,5.0,3.0,Restaurant,https://www.tripadvisor.com/Restaurant_Review-g298085-d14170091-Reviews-Orenchi_Bar_Lounge-Da_Nang.html
d12874730,Cho Thuê Xe Máy Tại Đà Nẵng – Công ty Sơn Trà,4.5,4.0,Attraction,https://www.tripadvisor.com/Attraction_Review-g298085-d12874730-Reviews-Da_Nang_Son_Tra_Motorcycle_Rental-Da_Nang.html
d10699044,Haya Hotel,4.5,12.0,Hotel,https://www.tripadvisor.com/Hotel_Review-g298085-d10699044-Reviews-Haya_Hotel-Da_Nang.html?
d17619814,Khách Sạn Ánh Nguyệt,5.0,6.0,Hotel,https://www.tripadvisor.com/Hotel_Review-g298085-d17619814-Reviews-Anh_Nguyet_Hotel-Da_Nang.html?
d12145164,Khách Sạn Robin,4.4,46.0,Hotel,https://www.tripadvisor.com/Hotel_Review-g298085-d12145164-Reviews-Robin_Hotel_Danang-Da_Nang.html?
d17695764,Khách sạn Nagila Boutique,4.5,30.0,Hotel,https://www.tripadvisor.com/Hotel_Review-g298085-d17695764-Reviews-Nagila_Boutique_Hotel-Da_Nang.html?
d27104426,Destiny Spa,4.2,5.0,Attraction,https://www.tripadvisor.com/Attraction_Review-g298085-d27104426-Reviews-Destiny_Spa-Da_Nang.html
d25102234,Hải Sản Năm Rảnh - Cơ sở 2,3.0,5.0,Restaurant,https://www.tripadvisor.com/Restaurant_Review-g298085-d25102234-Reviews-Seafood_Nam_Ranh-Da_Nang.html
d7999727,Lan Nhi Hotel,4.0,15.0,Hotel,https://www.tripadvisor.com/Hotel_Review-g298085-d7999727-Reviews-Lan_Nhi_Hotel-Da_Nang.html?
d3964400,Dang Ha Hotel,4.2,52.0,Hotel,https://www.tripadvisor.com/Hotel_Review-g298085-d3964400-Reviews-Dang_Ha_Hotel-Da_Nang.html?
d4874764,OYO 403 Bao Quyen Hotel,2.8,6.0,Hotel,https://www.tripadvisor.com/Hotel_Review-g298085-d4874764-Reviews-OYO_403_Bao_Quyen_Hotel-Da_Nang.html?
d1655723,Sun River Hotel,3.7,133.0,Hotel,https://www.tripadvisor.com/Hotel_Review-g298085-d1655723-Reviews-Sun_River_Hotel-Da_Nang.html?
d12711652,Da Nang Aodai Ridertour,5.0,619.0,Attraction,https://www.tripadvisor.com/Attraction_Review-g298085-d12711652-Reviews-Da_Nang_Aodai_Ridertour-Da_Nang.html
d16725569,Go Home Homestay & Coffee,5.0,8.0,Hotel,https://www.tripadvisor.com/Hotel_Review-g298085-d16725569-Reviews-Go_Home_Homestay_Coffee-Da_Nang.html?
d33026993,Outta Da Blue - Specialty Coffee Đà Nẵng,5.0,42.0,Restaurant,https://www.tripadvisor.com/Restaurant_Review-g298085-d33026993-Reviews-Outta_Da_Blue_Da_N_ng_Danang_Specialty_Coffee_Shop-Da_Nang.html
d8090733,Cầu Sông Hàn,4.2,757.0,Attraction,https://www.tripadvisor.com/Attraction_Review-g298085-d8090733-Reviews-Han_River_Bridge-Da_Nang.html
d7687457,My Khe Beach,4.3,2766.0,Attraction,https://www.tripadvisor.com/Attraction_Review-g298085-d7687457-Reviews-My_Khe_Beach-Da_Nang.html
d3222457,Khách sạn Fansipan Đà Nẵng,3.7,124.0,Hotel,https://www.tripadvisor.com/Hotel_Review-g298085-d3222457-Reviews-Fansipan_Danang_Hotel-Da_Nang.html?
d24159872,TinTin Seafood Restaurant,5.0,75.0,Restaurant,https://www.tripadvisor.com/Restaurant_Review-g298085-d24159872-Reviews-TinTin_Seafood_Restaurant-Da_Nang.html
d6961132,Bánh Xèo Bà Dưỡng,4.2,707.0,Restaurant,https://www.tripadvisor.com/Restaurant_Review-g298085-d6961132-Reviews-Banh_xeo_Ba_Duong-Da_Nang.html
d12245844,Dịch Vụ Lưu Trú Bookaholic,4.1,17.0,Hotel,https://www.tripadvisor.com/Hotel_Review-g298085-d12245844-Reviews-Bookaholic_Hostel-Da_Nang.html?
d15244179,Dreamy House,4.0,5.0,Hotel,https://www.tripadvisor.com/Hotel_Review-g298085-d15244179-Reviews-Dreamy_House-Da_Nang.html?
d16917075,Grand Ocean Luxury Boutique Hotel,4.3,63.0,Hotel,https://www.tripadvisor.com/Hotel_Review-g298085-d16917075-Reviews-Grand_Ocean_Luxury_Boutique_Hotel-Da_Nang.html?
d17386529,Ibiza Riverfront Hotel,4.4,97.0,Hotel,https://www.tripadvisor.com/Hotel_Review-g298085-d17386529-Reviews-Ibiza_Riverfront_Hotel-Da_Nang.html?
d14960824,Baobab Homestay,5.0,7.0,Hotel,https://www.tripadvisor.com/Hotel_Review-g298085-d14960824-Reviews-Baobab_Homestay-Da_Nang.html?
d3563589,Khách sạn Silver Sea,3.4,30.0,Hotel,https://www.tripadvisor.com/Hotel_Review-g298085-d3563589-Reviews-Silver_Sea_Hotel-Da_Nang.html?
d1953222,Lion Sea Hotel,3.3,50.0,Hotel,https://www.tripadvisor.com/Hotel_Review-g298085-d1953222-Reviews-Lion_Sea_Hotel-Da_Nang.html?
d3800229,Iris Hotel Danang,3.8,86.0,Hotel,https://www.tripadvisor.com/Hotel_Review-g298085-d3800229-Reviews-Iris_Hotel_Danang-Da_Nang.html?
d4346015,Brown Bean Hotel,3.1,36.0,Hotel,https://www.tripadvisor.com/Hotel_Review-g298085-d4346015-Reviews-Brown_Bean_Hotel-Da_Nang.html?
d2408695,Caraven Hotel,2.8,12.0,Hotel,https://www.tripadvisor.com/Hotel_Review-g298085-d2408695-Reviews-Caraven_Hotel-Da_Nang.html?
d1953178,Cocochine - A Vie Collection,3.1,24.0,Hotel,https://www.tripadvisor.com/Hotel_Review-g298085-d1953178-Reviews-Cocochine_A_Vie_Collection-Da_Nang.html?
d15668778,Lala Homestay,4.7,3.0,Hotel,https://www.tripadvisor.com/Hotel_Review-g298085-d15668778-Reviews-Lala_Homestay-Da_Nang.html?
d12415705,Khách Sạn & Căn Hộ Le Conte,2.3,3.0,Hotel,https://www.tripadvisor.com/Hotel_Review-g298085-d12415705-Reviews-Le_Conte_Apartment_and_Hotel-Da_Nang.html?
d24024592,Yolo,5.0,41.0,Restaurant,https://www.tripadvisor.com/Restaurant_Review-g298085-d24024592-Reviews-Yolo-Da_Nang.html
d3191933,Ẩm Thực Trần,3.4,161.0,Restaurant,https://www.tripadvisor.com/Restaurant_Review-g298085-d3191933-Reviews-Am_Thuc_Tran-Da_Nang.html
d15362960,Horizon Bar,4.9,218.0,Restaurant,https://www.tripadvisor.com/Restaurant_Review-g298085-d15362960-Reviews-Horizon_Bar-Da_Nang.html
d11699614,Travellers Nest Hostel,4.6,98.0,Hotel,https://www.tripadvisor.com/Hotel_Review-g298085-d11699614-Reviews-Travellers_Nest_Hostel-Da_Nang.html?
d12843896,Ngọc Lan Hotel,4.5,21.0,Hotel,https://www.tripadvisor.com/Hotel_Review-g298085-d12843896-Reviews-Ngoc_Lan_Hotel-Da_Nang.html?
d10450191,Cavilla Hotel & Apartment,4.6,11.0,Hotel,https://www.tripadvisor.com/Hotel_Review-g298085-d10450191-Reviews-Cavilla_Hotel_Apartment-Da_Nang.html?
d24983321,Cardi Pizzeria Da Nang,5.0,301.0,Restaurant,https://www.tripadvisor.com/Restaurant_Review-g298085-d24983321-Reviews-Cardi_Pizzeria_Da_Nang-Da_Nang.html
d12850689,Muối Biển Seafood Restaurant,4.4,196.0,Restaurant,https://www.tripadvisor.com/Restaurant_Review-g298085-d12850689-Reviews-Mu_i_Bi_n_Seafood_Restaurant-Da_Nang.html
d10332538,The Buddy Hostel,3.4,9.0,Hotel,https://www.tripadvisor.com/Hotel_Review-g298085-d10332538-Reviews-The_Buddy_Hostel-Da_Nang.html?
d9702607,Quán Quân Hotel,2.9,29.0,Hotel,https://www.tripadvisor.com/Hotel_Review-g298085-d9702607-Reviews-Quan_Quan_Hotel-Da_Nang.html?
d13500135,Truong Tai hotel,3.0,3.0,Hotel,https://www.tripadvisor.com/Hotel_Review-g298085-d13500135-Reviews-Truong_Tai_hotel-Da_Nang.html?
d17682844,Group Tour: Visit Hue Imperial From Da Nang - Full Day Trip,4.9,49.0,AttractionProductReview,https://www.tripadvisor.com/AttractionProductReview-g298085-d17682844-Group_Tour_Visit_Hue_Imperial_From_Da_Nang_Full_Day_Trip-Da_Nang.html
d7000524,Ca Chuon Co Restaurant - Vietnamese Cuisine,4.9,770.0,Restaurant,https://www.tripadvisor.com/Restaurant_Review-g298085-d7000524-Reviews-Ca_Chuon_Co_Restaurant_Vietnamese_Cuisine-Da_Nang.html
d13875477,La Plage,4.9,415.0,Restaurant,https://www.tripadvisor.com/Restaurant_Review-g298085-d13875477-Reviews-La_Plage-Da_Nang.html
d12968924,Làng hải sản Cây Sung,2.8,61.0,Restaurant,https://www.tripadvisor.com/Restaurant_Review-g298085-d12968924-Reviews-Lang_hai_san_Cay_Sung-Da_Nang.html
d1817077,Red Sky Steakhouse,4.6,1076.0,Restaurant,https://www.tripadvisor.com/Restaurant_Review-g298085-d1817077-Reviews-Red_Sky_Steakhouse-Da_Nang.html
d24082246,3 Big - Nướng & Lẩu,4.9,220.0,Restaurant,https://www.tripadvisor.com/Restaurant_Review-g298085-d24082246-Reviews-3_Big_Nu_ng_L_u-Da_Nang.html
d8692513,Nhà hàng Làng Nghệ,4.6,186.0,Restaurant,https://www.tripadvisor.com/Restaurant_Review-g298085-d8692513-Reviews-Lang_Nghe_Restaurant-Da_Nang.html
d26658506,NHÀ VIỆT BÁNH MÌ &CAFFEE,5.0,97.0,Restaurant,https://www.tripadvisor.com/Restaurant_Review-g298085-d26658506-Reviews-NHA_VI_T_BANH_MI_CAFFEE-Da_Nang.html
d8634530,Chè Xuân Trang,4.2,41.0,Restaurant,https://www.tripadvisor.com/Restaurant_Review-g298085-d8634530-Reviews-Che_Xuan_Trang-Da_Nang.html
d4209782,Không Gian Xưa,4.1,58.0,Restaurant,https://www.tripadvisor.com/Restaurant_Review-g298085-d4209782-Reviews-Khong_Gian_Xua-Da_Nang.html
d7299119,Cộng Cà Phê,4.2,705.0,Restaurant,https://www.tripadvisor.com/Restaurant_Review-g298085-d7299119-Reviews-Cong_Ca_Phe-Da_Nang.html
d21321291,Nhà Hàng Hải Sản Cá Lửa,5.0,38.0,Restaurant,https://www.tripadvisor.com/Restaurant_Review-g298085-d21321291-Reviews-Nha_Hang_H_i_S_n_Ca_L_a-Da_Nang.html
d24105100,Nhà Bếp Xưa,4.9,135.0,Restaurant,https://www.tripadvisor.com/Restaurant_Review-g298085-d24105100-Reviews-Nha_B_p_Xua-Da_Nang.html
d11674427,Herbal Spa,4.9,2111.0,Attraction,https://www.tripadvisor.com/Attraction_Review-g298085-d11674427-Reviews-Herbal_Spa-Da_Nang.html
d456220,Non Nuoc Beach,4.3,1213.0,Attraction,https://www.tripadvisor.com/Attraction_Review-g298085-d456220-Reviews-Non_Nuoc_Beach-Da_Nang.html
d28151851,Liti Nail & Hair 5,4.9,152.0,Attraction,https://www.tripadvisor.com/Attraction_Review-g298085-d28151851-Reviews-Liti_Nail_Hair_5-Da_Nang.html
d18114312,Oani Spa,5.0,1097.0,Attraction,https://www.tripadvisor.com/Attraction_Review-g298085-d18114312-Reviews-Oani_Spa-Da_Nang.html
d27437019,Đom Đóm Bbq Buffet Đà Nẵng,4.7,42.0,Restaurant,https://www.tripadvisor.com/Restaurant_Review-g298085-d27437019-Reviews-Dom_Dom_Bbq_Buffet_Da_N_ng-Da_Nang.html
d7396121,Chợ Cồn,3.7,340.0,Attraction,https://www.tripadvisor.com/Attraction_Review-g298085-d7396121-Reviews-Con_Market-Da_Nang.html
d27499756,Galina Restaurant Da Nang,4.8,15.0,Restaurant,https://www.tripadvisor.com/Restaurant_Review-g298085-d27499756-Reviews-Galina_Restaurant_Da_Nang-Da_Nang.html
d3514372,Grand Mango Hotel Danang,4.3,163.0,Hotel,https://www.tripadvisor.com/Hotel_Review-g298085-d3514372-Reviews-Grand_Mango_Hotel_Danang-Da_Nang.html?
d12636182,John Boutique Villa Apartment,4.6,87.0,Hotel,https://www.tripadvisor.com/Hotel_Review-g298085-d12636182-Reviews-John_Boutique_Villa_Apartment-Da_Nang.html?
d3194714,Song Xanh Hotel,4.3,3.0,Hotel,https://www.tripadvisor.com/Hotel_Review-g298085-d3194714-Reviews-Song_Xanh_Hotel-Da_Nang.html?
d12707226,Nhà nghỉ Thảo Vinh,4.5,2.0,Hotel,https://www.tripadvisor.com/Hotel_Review-g298085-d12707226-Reviews-Nha_Nghi_Thao_Vinh-Da_Nang.html?
d23263390,Cơm Gà Gia Vĩnh - Cơm Chiên Giòn Đà Nẵng,5.0,9.0,Restaurant,https://www.tripadvisor.com/Restaurant_Review-g298085-d23263390-Reviews-Com_Ga_Gia_Vinh-Da_Nang.html
d25305230,Karma Lounge Đà Nẵng,4.6,19.0,Attraction,https://www.tripadvisor.com/Attraction_Review-g298085-d25305230-Reviews-Karma_Lounge_Da_N_ng-Da_Nang.html
d19417690,Da Nang Travel Car Company,5.0,9.0,Attraction,https://www.tripadvisor.com/Attraction_Review-g298085-d19417690-Reviews-Da_Nang_Travel_Car_Company-Da_Nang.html
d16891168,Mộc Seafood,4.8,445.0,Restaurant,https://www.tripadvisor.com/Restaurant_Review-g298085-d16891168-Reviews-M_c_Seafood-Da_Nang.html
d10305645,Khách sạn Homie,4.2,5.0,Hotel,https://www.tripadvisor.com/Hotel_Review-g298085-d10305645-Reviews-Homie_Hotel-Da_Nang.html?
d3794396,Thomas Hotel,3.0,3.0,Hotel,https://www.tripadvisor.com/Hotel_Review-g298085-d3794396-Reviews-Thomas_Hotel-Da_Nang.html?
d3222446,Danang Petro Hotel,3.5,27.0,Hotel,https://www.tripadvisor.com/Hotel_Review-g298085-d3222446-Reviews-Danang_Petro_Hotel-Da_Nang.html?
d4339770,Hoang Linh Riverside Hotel Da Nang,3.6,61.0,Hotel,https://www.tripadvisor.com/Hotel_Review-g298085-d4339770-Reviews-Hoang_Linh_Riverside_Hotel_Da_Nang-Da_Nang.html?
d6702553,Swan Hotel,4.2,5.0,Hotel,https://www.tripadvisor.com/Hotel_Review-g298085-d6702553-Reviews-Swan_Hotel-Da_Nang.html?
d8300141,Nhà nghỉ Viễn Đông,3.5,6.0,Hotel,https://www.tripadvisor.com/Hotel_Review-g298085-d8300141-Reviews-Vien_Dong_Guesthouse-Da_Nang.html?
d25454546,HANA Bar & Lounge,5.0,3.0,Restaurant,https://www.tripadvisor.com/Restaurant_Review-g298085-d25454546-Reviews-HANA_Bar_Lounge-Da_Nang.html
d19041692,Orchid Buffet Restaurant,4.9,12.0,Restaurant,https://www.tripadvisor.com/Restaurant_Review-g298085-d19041692-Reviews-Orchid_Buffet_Restaurant-Da_Nang.html
d9748288,Đặc Sản Hoàng Tín,4.6,20.0,Restaurant,https://www.tripadvisor.com/Restaurant_Review-g298085-d9748288-Reviews-D_c_S_n_Hoang_Tin-Da_Nang.html
d15837399,Happybread 76,4.6,17.0,Restaurant,https://www.tripadvisor.com/Restaurant_Review-g298085-d15837399-Reviews-Happybread_76-Da_Nang.html
d26732417,Pink Salt Restaurant,4.9,592.0,Restaurant,https://www.tripadvisor.com/Restaurant_Review-g298085-d26732417-Reviews-Pink_Salt_Restaurant-Da_Nang.html
d12406288,The Coffee House,4.2,58.0,Restaurant,https://www.tripadvisor.com/Restaurant_Review-g298085-d12406288-Reviews-The_Coffee_House-Da_Nang.html
d26399876,Umi Izakaya,5.0,145.0,Restaurant,https://www.tripadvisor.com/Restaurant_Review-g298085-d26399876-Reviews-Umi_Izakaya-Da_Nang.html
d26303629,Ciela Skybar and Dining,5.0,34.0,Restaurant,https://www.tripadvisor.com/Restaurant_Review-g298085-d26303629-Reviews-Ciela_Skybar_and_Dining-Da_Nang.html
d24985405,Cardi Pizzeria Bạch Đằng,5.0,1318.0,Restaurant,https://www.tripadvisor.com/Restaurant_Review-g298085-d24985405-Reviews-Cardi_Pizzeria_B_ch_D_ng-Da_Nang.html
d25336963,East West Brewing Co.,4.2,51.0,Restaurant,https://www.tripadvisor.com/Restaurant_Review-g298085-d25336963-Reviews-East_West_Brewing_Co-Da_Nang.html
d1915728,Don Cipriani's,4.5,219.0,Restaurant,https://www.tripadvisor.com/Restaurant_Review-g298085-d1915728-Reviews-Don_Cipriani_s-Da_Nang.html
d24060347,Lounge Beach Bar & Restaurant,4.8,96.0,Restaurant,https://www.tripadvisor.com/Restaurant_Review-g298085-d24060347-Reviews-Lounge_Beach_Bar_Restaurant-Da_Nang.html
d32980433,A-kopi Coffee Roaster,5.0,11.0,Restaurant,https://www.tripadvisor.com/Restaurant_Review-g298085-d32980433-Reviews-A_kopi_Coffee_Roaster-Da_Nang.html
d24038512,Tie Tag Coffee,5.0,15.0,Restaurant,https://www.tripadvisor.com/Restaurant_Review-g298085-d24038512-Reviews-Tie_Tag_Coffee-Da_Nang.html
d2183588,Ba Thoi Restaurant,3.5,71.0,Restaurant,https://www.tripadvisor.com/Restaurant_Review-g298085-d2183588-Reviews-Ba_Thoi_Restaurant-Da_Nang.html
d8143367,Com Ga A.Hai,4.2,178.0,Restaurant,https://www.tripadvisor.com/Restaurant_Review-g298085-d8143367-Reviews-Com_Ga_A_Hai-Da_Nang.html
d13376726,99+ Sky Lounge,4.5,51.0,Restaurant,https://www.tripadvisor.com/Restaurant_Review-g298085-d13376726-Reviews-99_Sky_Lounge-Da_Nang.html
d16706374,Tuan Motorbike Rental Da Nang,5.0,193.0,Attraction,https://www.tripadvisor.com/Attraction_Review-g298085-d16706374-Reviews-Tuan_Motorbike_Rental_Da_Nang-Da_Nang.html
d17739218,Charm Spa Grand Da Nang,5.0,1450.0,Attraction,https://www.tripadvisor.com/Attraction_Review-g298085-d17739218-Reviews-Charm_Spa_Grand_Da_Nang-Da_Nang.html
d12950529,Nam Lam Hotel,3.5,2.0,Hotel,https://www.tripadvisor.com/Hotel_Review-g298085-d12950529-Reviews-Nam_Lam_Hotel-Da_Nang.html?
d18965823,Golden Meat House,4.9,266.0,Restaurant,https://www.tripadvisor.com/Restaurant_Review-g298085-d18965823-Reviews-Golden_Meat_House-Da_Nang.html
d20139533,Nhà hàng Ngon Thị Hoa,4.4,47.0,Restaurant,https://www.tripadvisor.com/Restaurant_Review-g298085-d20139533-Reviews-Ngon_Thi_Hoa_Restaurant-Da_Nang.html
d11873423,Pizza 4P's Hoang Van Thu,4.6,608.0,Restaurant,https://www.tripadvisor.com/Restaurant_Review-g298085-d11873423-Reviews-Pizza_4P_s_Hoang_Van_Thu-Da_Nang.html
d17838841,Mr. Anh Restaurant,4.9,30.0,Restaurant,https://www.tripadvisor.com/Restaurant_Review-g298085-d17838841-Reviews-Mr_Anh_Restaurant-Da_Nang.html
d3811714,Quan Com Hue Ngon,4.2,351.0,Restaurant,https://www.tripadvisor.com/Restaurant_Review-g298085-d3811714-Reviews-Quan_Com_Hue_Ngon-Da_Nang.html
d7350917,Dasushi - Danang Restaurant,3.6,90.0,Restaurant,https://www.tripadvisor.com/Restaurant_Review-g298085-d7350917-Reviews-Dasushi_Danang_Restaurant-Da_Nang.html
d13873783,Table 88,4.9,594.0,Restaurant,https://www.tripadvisor.com/Restaurant_Review-g298085-d13873783-Reviews-Table_88-Da_Nang.html
d25271252,Độc Mộc Buffet,4.5,39.0,Restaurant,https://www.tripadvisor.com/Restaurant_Review-g298085-d25271252-Reviews-D_c_M_c_Buffet-Da_Nang.html
d28205145,Mani Vegetarian Kitchen & Padme Tea,5.0,15.0,Restaurant,https://www.tripadvisor.com/Restaurant_Review-g298085-d28205145-Reviews-Mani_Vegetarian_Dining_House_Padme_Tea_Garden_By_Maha_Mangala-Da_Nang.html
d27120753,Clover Spa Massage Da Nang,5.0,27.0,Attraction,https://www.tripadvisor.com/Attraction_Review-g298085-d27120753-Reviews-Clover_Spa_Massage_Da_Nang-Da_Nang.html
d10818194,Jang Mi Spa,4.8,526.0,Attraction,https://www.tripadvisor.com/Attraction_Review-g298085-d10818194-Reviews-Jang_Mi_Spa_Massage_Da_Nang_Riverside-Da_Nang.html
d13089618,Seoul Villa Hotel,4.0,1.0,Hotel,https://www.tripadvisor.com/Hotel_Review-g298085-d13089618-Reviews-Seoul_Villa_Hotel-Da_Nang.html?
d6372004,Charm Spa,4.8,1220.0,Attraction,https://www.tripadvisor.com/Attraction_Review-g298085-d6372004-Reviews-Charm_Spa-Da_Nang.html
d25226059,Nuna Club Lounge,4.7,46.0,Attraction,https://www.tripadvisor.com/Attraction_Review-g298085-d25226059-Reviews-Nuna_Club_Lounge-Da_Nang.html
d8404074,Danang Private Taxi,4.7,327.0,Attraction,https://www.tripadvisor.com/Attraction_Review-g298085-d8404074-Reviews-Danang_Private_Taxi-Da_Nang.html
d18273940,Ba Na Hill Golden Bridge Tour with Buffet Lunch,5.0,41.0,AttractionProductReview,https://www.tripadvisor.com/AttractionProductReview-g298085-d18273940-Ba_Na_Hill_Golden_Bridge_Tour_with_Buffet_Lunch-Da_Nang.html
d26966630,TheGioiDoCau Fishing Tackle Store,5.0,4.0,Attraction,https://www.tripadvisor.com/Attraction_Review-g298085-d26966630-Reviews-TheGioiDoCau_Fishing_Tackle_Store-Da_Nang.html
d27699650,Ket High Cocktail Bar,5.0,128.0,Attraction,https://www.tripadvisor.com/Attraction_Review-g298085-d27699650-Reviews-Ket_High_Cocktail_Bar-Da_Nang.html
d14111536,SEN Boutique Spa,4.9,654.0,Attraction,https://www.tripadvisor.com/Attraction_Review-g298085-d14111536-Reviews-SEN_Boutique_Spa-Da_Nang.html
d24974768,GOGODANANG - DANANG MOTORBIKE RENTAL AND ASSISTANT SERVICE,5.0,15.0,Attraction,https://www.tripadvisor.com/Attraction_Review-g298085-d24974768-Reviews-GOGODANANG_DANANG_MOTORBIKE_RENTAL_AND_ASSISTANT_SERVICE-Da_Nang.html
d28118950,Phan Văn Travel,4.8,25.0,Attraction,https://www.tripadvisor.com/Attraction_Review-g298085-d28118950-Reviews-Phan_Van_Travel-Da_Nang.html
d25211508,Luxury Healthy Spa & Massage,4.9,306.0,Attraction,https://www.tripadvisor.com/Attraction_Review-g298085-d25211508-Reviews-Luxury_Healthy_Spa_Massage-Da_Nang.html
d11704788,Dana Travel,4.6,10.0,Attraction,https://www.tripadvisor.com/Attraction_Review-g298085-d11704788-Reviews-Danatravel-Da_Nang.html
d10769898,Nhà Hàng Tàu Hủ Xe Lam - Đà Nẵng,4.5,21.0,Restaurant,https://www.tripadvisor.com/Restaurant_Review-g298085-d10769898-Reviews-Tau_Hu_Xe_Lam_Da_Nang_Restaurant-Da_Nang.html
d13236259,Bistecca Restaurant Da Nang,4.9,719.0,Restaurant,https://www.tripadvisor.com/Restaurant_Review-g298085-d13236259-Reviews-Bistecca_Restaurant_Da_Nang-Da_Nang.html
d7927889,Cham Spa & Massage,3.7,232.0,Attraction,https://www.tripadvisor.com/Attraction_Review-g298085-d7927889-Reviews-Cham_Spa_Massage-Da_Nang.html
d25142480,VH Travel - Local Tours & Transportation,5.0,638.0,Attraction,https://www.tripadvisor.com/Attraction_Review-g298085-d25142480-Reviews-VH_Travel_Local_Tours_Transportation-Da_Nang.html
d25314796,Ikigai Spa Center,5.0,127.0,Attraction,https://www.tripadvisor.com/Attraction_Review-g298085-d25314796-Reviews-IKIGAI_SPA_CENTER-Da_Nang.html
d26848515,Sanna Tour JSC,5.0,157.0,Attraction,https://www.tripadvisor.com/Attraction_Review-g298085-d26848515-Reviews-Sanna_Tour_JSC-Da_Nang.html
d12598185,The Motorbike Station,5.0,826.0,Attraction,https://www.tripadvisor.com/Attraction_Review-g298085-d12598185-Reviews-The_Motorbike_Station-Da_Nang.html
d15614824,Vietnam Lovely Travel,5.0,116.0,Attraction,https://www.tripadvisor.com/Attraction_Review-g298085-d15614824-Reviews-Vietnam_Lovely_Travel-Da_Nang.html
d10798602,Bãi biển Phước Mỹ,4.5,71.0,Attraction,https://www.tripadvisor.com/Attraction_Review-g298085-d10798602-Reviews-Phuoc_My_Beach-Da_Nang.html
d12254836,Honey Spa,4.7,153.0,Attraction,https://www.tripadvisor.com/Attraction_Review-g298085-d12254836-Reviews-Honey_Spa-Da_Nang.html
d15746188,Babylon Spa,4.9,187.0,Attraction,https://www.tripadvisor.com/Attraction_Review-g298085-d15746188-Reviews-Babylon_Spa-Da_Nang.html
d7043562,Vòng quay Mặt Trời,4.1,147.0,Attraction,https://www.tripadvisor.com/Attraction_Review-g298085-d7043562-Reviews-Sun_Wheel-Da_Nang.html
d28666215,Son Tra Beach,4.7,43.0,Attraction,https://www.tripadvisor.com/Attraction_Review-g298085-d28666215-Reviews-Son_Tra_Beach-Da_Nang.html
d15300780,Golden Lotus Spa DaNang,4.9,683.0,Attraction,https://www.tripadvisor.com/Attraction_Review-g298085-d15300780-Reviews-Golden_Lotus_Spa_DaNang-Da_Nang.html
d12331249,Ans Vegetarian Cuisine - Đặc sản chay Đà Nẵng,4.6,57.0,Restaurant,https://www.tripadvisor.com/Restaurant_Review-g298085-d12331249-Reviews-ANs_Vegeterian_Cuisines-Da_Nang.html
d18975158,Bana Hills - Golden Hands Bridge Private Tour,4.7,56.0,AttractionProductReview,https://www.tripadvisor.com/AttractionProductReview-g298085-d18975158-Bana_Hills_Golden_Hands_Bridge_Private_Tour-Da_Nang.html
d28140050,BeeBikeHub - Bike Tours and Bike Rentals,5.0,48.0,Attraction,https://www.tripadvisor.com/Attraction_Review-g298085-d28140050-Reviews-BeeBikeHub_Bike_Tours_and_Bike_Rentals-Da_Nang.html
d14100592,Red House Spa,3.0,29.0,Attraction,https://www.tripadvisor.com/Attraction_Review-g298085-d14100592-Reviews-Red_House_Spa-Da_Nang.html
d8611410,Crystal Jade Kitchen,2.7,99.0,Restaurant,https://www.tripadvisor.com/Restaurant_Review-g298085-d8611410-Reviews-Crystal_Jade_Kitchen-Da_Nang.html
d26698234,Nomad Nosh Café & Crafts,4.9,203.0,Restaurant,https://www.tripadvisor.com/Restaurant_Review-g298085-d26698234-Reviews-Nomad_Nosh_Cafe_Crafts-Da_Nang.html
d10813005,Nhà Hàng Ánh Tuyết,4.0,58.0,Restaurant,https://www.tripadvisor.com/Restaurant_Review-g298085-d10813005-Reviews-Anh_Tuyet_Retaurant-Da_Nang.html
d19692951,Ba Na Hills with Golden Bridge Private Tour,4.9,541.0,AttractionProductReview,https://www.tripadvisor.com/AttractionProductReview-g298085-d19692951-Ba_Na_Hills_with_Golden_Bridge_Private_Tour-Da_Nang.html
d14086698,Chợ Đêm An Thượng,3.8,155.0,Attraction,https://www.tripadvisor.com/Attraction_Review-g298085-d14086698-Reviews-Danang_Night_Market-Da_Nang.html
d17546791,Buddy Private Tour,5.0,205.0,Attraction,https://www.tripadvisor.com/Attraction_Review-g298085-d17546791-Reviews-Buddy_Private_Tour-Da_Nang.html
d26630730,Pho House,4.9,326.0,Restaurant,https://www.tripadvisor.com/Restaurant_Review-g298085-d26630730-Reviews-Pho_House-Da_Nang.html
d10356394,Phố Nướng TOKYO - BBQ & BEER,3.6,202.0,Restaurant,https://www.tripadvisor.com/Restaurant_Review-g298085-d10356394-Reviews-Tokyo_BBQ_Town-Da_Nang.html
d12419719,Dê Nghĩa 2,4.5,20.0,Restaurant,https://www.tripadvisor.com/Restaurant_Review-g298085-d12419719-Reviews-De_Nghia_2-Da_Nang.html
d12504862,Long Coffee,4.8,36.0,Restaurant,https://www.tripadvisor.com/Restaurant_Review-g298085-d12504862-Reviews-Long_Coffee-Da_Nang.html
d15603541,Ẩm Thực Xèo,4.7,35.0,Restaurant,https://www.tripadvisor.com/Restaurant_Review-g298085-d15603541-Reviews-Am_Thuc_Xeo_Vo_Van_Kiet-Da_Nang.html
d33122301,Hang Ganh Vietnamese Kitchen,4.6,35.0,Restaurant,https://www.tripadvisor.com/Restaurant_Review-g298085-d33122301-Reviews-Hang_Ganh_Vietnamese_Kitchen-Da_Nang.html
d25421267,Hue specialties in Danang,5.0,1.0,Restaurant,https://www.tripadvisor.com/Restaurant_Review-g298085-d25421267-Reviews-Hue_specialties_in_Danang-Da_Nang.html
d24085147,Shin Sushi,4.8,8.0,Restaurant,https://www.tripadvisor.com/Restaurant_Review-g298085-d24085147-Reviews-Shin_Sushi-Da_Nang.html
d8613990,Papa Steak,4.2,40.0,Restaurant,https://www.tripadvisor.com/Restaurant_Review-g298085-d8613990-Reviews-Papa_Steak-Da_Nang.html
d26802403,Pâtisserie de Lux,4.9,31.0,Restaurant,https://www.tripadvisor.com/Restaurant_Review-g298085-d26802403-Reviews-Patisserie_de_Lux-Da_Nang.html
d10755138,Hàu Sữa Quán,4.3,39.0,Restaurant,https://www.tripadvisor.com/Restaurant_Review-g298085-d10755138-Reviews-Hau_Sua_Quan_Restaurant-Da_Nang.html
d25782583,Cardi Pizzeria Võ Văn Kiệt,4.9,82.0,Restaurant,https://www.tripadvisor.com/Restaurant_Review-g298085-d25782583-Reviews-Cardi_Pizzeria_Vo_Van_Ki_t-Da_Nang.html
d8138095,Burger Bros,4.3,1634.0,Restaurant,https://www.tripadvisor.com/Restaurant_Review-g298085-d8138095-Reviews-Burger_Bros-Da_Nang.html
d6533542,Quán Chay Ngọc Chi,4.4,181.0,Restaurant,https://www.tripadvisor.com/Restaurant_Review-g298085-d6533542-Reviews-Ngoc_Chi_Vegetarian_Restaurant-Da_Nang.html
d9764229,Phuot S2 Pub & Cafe,4.8,5.0,Restaurant,https://www.tripadvisor.com/Restaurant_Review-g298085-d9764229-Reviews-Phuot_S2_Pub_Cafe-Da_Nang.html
d10812988,Chè Thái Bà Liên,5.0,5.0,Restaurant,https://www.tripadvisor.com/Restaurant_Review-g298085-d10812988-Reviews-Che_Thai_Ba_Lien-Da_Nang.html
d12963523,Veda's Kitchen,4.6,387.0,Restaurant,https://www.tripadvisor.com/Restaurant_Review-g298085-d12963523-Reviews-Veda_s_Kitchen-Da_Nang.html
d8110062,Sushi-bê 鮨兵衛,4.5,98.0,Restaurant,https://www.tripadvisor.com/Restaurant_Review-g298085-d8110062-Reviews-SUSHI_Be-Da_Nang.html
d21170295,KURUMI - Healthy Vegan Desserts & Food,5.0,379.0,Restaurant,https://www.tripadvisor.com/Restaurant_Review-g298085-d21170295-Reviews-KURUMI_Healthy_Vegan_Desserts_Food-Da_Nang.html
d12643685,Torino Bakery & Bon Bocon Restaurant,4.7,85.0,Restaurant,https://www.tripadvisor.com/Restaurant_Review-g298085-d12643685-Reviews-Torino_Restaurant_Bakery-Da_Nang.html
d11618551,Moon Cafe,4.3,27.0,Restaurant,https://www.tripadvisor.com/Restaurant_Review-g298085-d11618551-Reviews-Moon_Cafe-Da_Nang.html
d11618680,Nhà Hàng Ấn Độ Maharaja,4.5,367.0,Restaurant,https://www.tripadvisor.com/Restaurant_Review-g298085-d11618680-Reviews-Maharaja_Indian_Restaurant-Da_Nang.html
d15697841,Kiot Cafe,5.0,23.0,Restaurant,https://www.tripadvisor.com/Restaurant_Review-g298085-d15697841-Reviews-Kiot_Cafe-Da_Nang.html
d23311642,S'story Kafe & Kitchen,5.0,1.0,Restaurant,https://www.tripadvisor.com/Restaurant_Review-g298085-d23311642-Reviews-S_Story_Kafe_Kitchen-Da_Nang.html
d25502987,The Gypsy Rooftop Restaurant & Bar,4.9,464.0,Restaurant,https://www.tripadvisor.com/Restaurant_Review-g298085-d25502987-Reviews-The_Gypsy_Rooftop_Restaurant_Bar-Da_Nang.html
d21393855,DaNangGo,5.0,4.0,Attraction,https://www.tripadvisor.com/Attraction_Review-g298085-d21393855-Reviews-DaNangGo-Da_Nang.html
d15000706,Now Spa,4.7,62.0,Attraction,https://www.tripadvisor.com/Attraction_Review-g298085-d15000706-Reviews-Now_Spa-Da_Nang.html
d25383493,Malibu Club,4.4,11.0,Attraction,https://www.tripadvisor.com/Attraction_Review-g298085-d25383493-Reviews-Malibu_Club-Da_Nang.html
d5926737,Real Easyrider - Day Tours,5.0,445.0,Attraction,https://www.tripadvisor.com/Attraction_Review-g298085-d5926737-Reviews-Real_Easyrider_Day_Tours-Da_Nang.html
d25163686,Tre Spa,5.0,16.0,Attraction,https://www.tripadvisor.com/Attraction_Review-g298085-d25163686-Reviews-Tre_Spa-Da_Nang.html
d12292790,Khu Vui Chơi Hòa Phú Thành,4.7,30.0,Attraction,https://www.tripadvisor.com/Attraction_Review-g298085-d12292790-Reviews-Hoa_Phu_Thanh_Play_Ground-Da_Nang.html
d25309254,Khanh Hung Optical,5.0,106.0,Attraction,https://www.tripadvisor.com/Attraction_Review-g298085-d25309254-Reviews-Khanh_Hung_Optical-Da_Nang.html
d32741453,Waxing Đà Nẵng,4.9,45.0,Attraction,https://www.tripadvisor.com/Attraction_Review-g298085-d32741453-Reviews-Waxing_Da_N_ng-Da_Nang.html
d6974493,Dacotours,4.9,5253.0,Attraction,https://www.tripadvisor.com/Attraction_Review-g298085-d6974493-Reviews-Dacotours-Da_Nang.html
d26877949,Casa Leafy Spa & Beauty,5.0,31.0,Attraction,https://www.tripadvisor.com/Attraction_Review-g298085-d26877949-Reviews-Casa_Leafy_Spa_Beauty-Da_Nang.html
d15296116,JM Viet,5.0,5.0,Attraction,https://www.tripadvisor.com/Attraction_Review-g298085-d15296116-Reviews-JM_Viet-Da_Nang.html
d12997047,Premium Travel Vietnam,5.0,166.0,Attraction,https://www.tripadvisor.com/Attraction_Review-g298085-d12997047-Reviews-Premium_Travel_Vietnam-Da_Nang.html
d14440826,Gac Coffee & Massage,5.0,52.0,Attraction,https://www.tripadvisor.com/Attraction_Review-g298085-d14440826-Reviews-Gac_Coffee_Massage-Da_Nang.html
d24089736,NANO TRAVEL,4.5,8.0,Attraction,https://www.tripadvisor.com/Attraction_Review-g298085-d24089736-Reviews-NANO_TRAVEL-Da_Nang.html
d12364144,Tabalo Outdoor,4.9,765.0,Attraction,https://www.tripadvisor.com/Attraction_Review-g298085-d12364144-Reviews-Tabalo_Outdoor-Da_Nang.html
d19279204,Danang Walking Food Tour,4.8,31.0,AttractionProductReview,https://www.tripadvisor.com/AttractionProductReview-g298085-d19279204-Danang_Walking_Food_Tour-Da_Nang.html
d12106198,Carpe Diem Inn Da Nang,4.6,24.0,Hotel,https://www.tripadvisor.com/Hotel_Review-g298085-d12106198-Reviews-Carpe_Diem_Inn_Da_Nang-Da_Nang.html?
d10841376,Golem Coffee Đà Nẵng,4.6,32.0,Restaurant,https://www.tripadvisor.com/Restaurant_Review-g298085-d10841376-Reviews-Golem_Coffee_Da_Nang-Da_Nang.html
d25579669,Beach Beer Đà Nẵng,4.6,7.0,Restaurant,https://www.tripadvisor.com/Restaurant_Review-g298085-d25579669-Reviews-Beach_Beer_Da_N_ng-Da_Nang.html
d29013889,Danang Private Airport Transfer,5.0,8.0,AttractionProductReview,https://www.tripadvisor.com/AttractionProductReview-g298085-d29013889-Danang_Private_Airport_Transfer-Da_Nang.html
d12245461,Da Nang Private Car,4.7,187.0,Attraction,https://www.tripadvisor.com/Attraction_Review-g298085-d12245461-Reviews-Da_Nang_Private_Car-Da_Nang.html
d6963730,Động Hoa Nghiêm,4.4,126.0,Attraction,https://www.tripadvisor.com/Attraction_Review-g298085-d6963730-Reviews-Hoa_Nghiem_Cave-Da_Nang.html
d12551845,Nén Danang Restaurant,4.6,331.0,Restaurant,https://www.tripadvisor.com/Restaurant_Review-g298085-d12551845-Reviews-Nen_Danang_Restaurant-Da_Nang.html
d26319966,Diner 66 Da Nang,5.0,26.0,Restaurant,https://www.tripadvisor.com/Restaurant_Review-g298085-d26319966-Reviews-Diner_66_Da_Nang-Da_Nang.html
d10736295,Quán Tacos Danang,4.7,339.0,Restaurant,https://www.tripadvisor.com/Restaurant_Review-g298085-d10736295-Reviews-Tacos_Danang-Da_Nang.html
d23881617,Adobo Mexican Grill,4.9,182.0,Restaurant,https://www.tripadvisor.com/Restaurant_Review-g298085-d23881617-Reviews-Adobo_Mexican_Grill-Da_Nang.html
d27001259,Thuê xe tự lái Đà Nẵng Quỳnh Nhi,5.0,2.0,Attraction,https://www.tripadvisor.com/Attraction_Review-g298085-d27001259-Reviews-Thue_xe_t_lai_Da_N_ng_Qu_nh_Nhi-Da_Nang.html
d26639117,Ông Lei,5.0,36.0,Restaurant,https://www.tripadvisor.com/Restaurant_Review-g298085-d26639117-Reviews-Ong_Lei_Da_N_ng-Da_Nang.html
d33036892,Bep Xua Restaurant,4.7,14.0,Restaurant,https://www.tripadvisor.com/Restaurant_Review-g298085-d33036892-Reviews-Bep_Xua_Restaurant-Da_Nang.html
d9986122,Gold Star Coffee,4.7,55.0,Restaurant,https://www.tripadvisor.com/Restaurant_Review-g298085-d9986122-Reviews-Gold_Star_Coffee-Da_Nang.html
d13875484,Tea Lounge,4.9,38.0,Restaurant,https://www.tripadvisor.com/Restaurant_Review-g298085-d13875484-Reviews-Tea_Lounge-Da_Nang.html
d25376645,Manvar Rasoi Indian Restaurant,4.8,75.0,Restaurant,https://www.tripadvisor.com/Restaurant_Review-g298085-d25376645-Reviews-MANVAR_RASOI_INDIAN_RESTAURANT-Da_Nang.html
d20300702,Hermanos Pizza Nướng Củi,5.0,52.0,Restaurant,https://www.tripadvisor.com/Restaurant_Review-g298085-d20300702-Reviews-Hermanos_Wood_fired_Pizza-Da_Nang.html
d10696995,Quán Dừa Bến Tre 190 Bạch Đằng,4.3,44.0,Restaurant,https://www.tripadvisor.com/Restaurant_Review-g298085-d10696995-Reviews-Ben_Tre_Coconut_190_Bach_Dang-Da_Nang.html
d24071780,LaMer Premium Spa Đà Nẵng,5.0,16.0,Attraction,https://www.tripadvisor.com/Attraction_Review-g298085-d24071780-Reviews-LaMer_Premium_Spa_Da_N_ng-Da_Nang.html
d17596589,B-Young Spa & Massage,5.0,1.0,Attraction,https://www.tripadvisor.com/Attraction_Review-g298085-d17596589-Reviews-B_Young_Spa_Massage-Da_Nang.html
d27540538,Rơm Coffee Restaurant,5.0,1.0,Restaurant,https://www.tripadvisor.com/Restaurant_Review-g298085-d27540538-Reviews-Rom_Coffee_Restaurant-Da_Nang.html
d26905867,indigo Vietnam,5.0,8.0,Restaurant,https://www.tripadvisor.com/Restaurant_Review-g298085-d26905867-Reviews-Indigo_Vietnam-Da_Nang.html
d25465086,Cây me an bàng restaurant ( the tamarind tree restaurant ),4.8,13.0,Restaurant,https://www.tripadvisor.com/Restaurant_Review-g298085-d25465086-Reviews-Little_Laneway_Kitchen_Cafe-Da_Nang.html
d17713594,Kop Spa & Massage,4.9,25.0,Attraction,https://www.tripadvisor.com/Attraction_Review-g298085-d17713594-Reviews-Kop_Spa_Massage-Da_Nang.html
d12546448,Kin Kin Thai Food,4.4,22.0,Restaurant,https://www.tripadvisor.com/Restaurant_Review-g298085-d12546448-Reviews-Kin_Kin_Thai_Food-Da_Nang.html
d12704252,Bep Hen Vietnamese Restaurant,4.6,111.0,Restaurant,https://www.tripadvisor.com/Restaurant_Review-g298085-d12704252-Reviews-Bep_Hen_Vietnamese_Restaurant-Da_Nang.html
d24914325,Bà Nà Hills,3.5,13.0,Attraction,https://www.tripadvisor.com/Attraction_Review-g298085-d24914325-Reviews-Ba_Na_Hills-Da_Nang.html
d12561184,Da Nang Airport To Hue Private Transfer,5.0,18.0,AttractionProductReview,https://www.tripadvisor.com/AttractionProductReview-g298085-d12561184-Da_Nang_Airport_To_Hue_Private_Transfer-Da_Nang.html
d25335618,Cơm Gà Bà Ba,4.6,12.0,Restaurant,https://www.tripadvisor.com/Restaurant_Review-g298085-d25335618-Reviews-Com_Ga_Ba_Ba-Da_Nang.html
d24081800,Quán Nguyên's,5.0,6.0,Restaurant,https://www.tripadvisor.com/Restaurant_Review-g298085-d24081800-Reviews-Qua_n_Nguyen_s-Da_Nang.html
d15693064,Brocanvas,5.0,2.0,Attraction,https://www.tripadvisor.com/Attraction_Review-g298085-d15693064-Reviews-Brocanvas-Da_Nang.html
d25420086,MAAZI,4.7,137.0,Restaurant,https://www.tripadvisor.com/Restaurant_Review-g298085-d25420086-Reviews-MAAZI_Da_Nang-Da_Nang.html
d27698736,Las Vegas Karaoke,5.0,5.0,Attraction,https://www.tripadvisor.com/Attraction_Review-g298085-d27698736-Reviews-Las_Vegas_Karaoke-Da_Nang.html
d28284263,Dum Spa,5.0,1.0,Attraction,https://www.tripadvisor.com/Attraction_Review-g298085-d28284263-Reviews-Dum_Spa-Da_Nang.html
d10797998,Yến Sào Hoàng Khải - Đà Nẵng,5.0,1.0,Restaurant,https://www.tripadvisor.com/Restaurant_Review-g298085-d10797998-Reviews-Yen_Sao_Hoang_Khai_Da_Nang-Da_Nang.html
d15153595,TMS Hotel Da Nang Beach,4.9,1500.0,Hotel,https://www.tripadvisor.com/Hotel_Review-g298085-d15153595-Reviews-TMS_Hotel_Da_Nang_Beach-Da_Nang.html?
d15746947,Khách sạn Pandora Đà Nẵng,4.5,37.0,Hotel,https://www.tripadvisor.com/Hotel_Review-g298085-d15746947-Reviews-Pandora_Boutique_Da_Nang-Da_Nang.html?
d12707165,Tuyet Son Hotel,4.4,60.0,Hotel,https://www.tripadvisor.com/Hotel_Review-g298085-d12707165-Reviews-Tuyet_Son_Hotel-Da_Nang.html?
d12162012,Nhà Nghỉ Tomodachi Đà Nẵng,4.4,72.0,Hotel,https://www.tripadvisor.com/Hotel_Review-g298085-d12162012-Reviews-Danang_Tomodachi_House-Da_Nang.html?
d25424860,Hilton Garden Inn Da Nang,4.9,338.0,Hotel,https://www.tripadvisor.com/Hotel_Review-g298085-d25424860-Reviews-Hilton_Garden_Inn_Da_Nang-Da_Nang.html?
d24864837,The Sail Hotel,4.9,131.0,Hotel,https://www.tripadvisor.com/Hotel_Review-g298085-d24864837-Reviews-The_Sail_Hotel-Da_Nang.html?
d10175116,Lucky Bee Homestay,4.6,72.0,Hotel,https://www.tripadvisor.com/Hotel_Review-g298085-d10175116-Reviews-Lucky_Bee_Homestay-Da_Nang.html?
d12722484,Touch Danang Hostel,4.8,43.0,Hotel,https://www.tripadvisor.com/Hotel_Review-g298085-d12722484-Reviews-Touch_Danang_Hostel-Da_Nang.html?
d12666898,Minh House,4.7,97.0,Hotel,https://www.tripadvisor.com/Hotel_Review-g298085-d12666898-Reviews-Minh_House-Da_Nang.html?
d12250036,Khách Sạn The Han,4.8,72.0,Hotel,https://www.tripadvisor.com/Hotel_Review-g298085-d12250036-Reviews-The_Han_Hotel-Da_Nang.html?
d14800987,Aria Grand Da Nang Hotel & Spa,4.8,157.0,Hotel,https://www.tripadvisor.com/Hotel_Review-g298085-d14800987-Reviews-Aria_Grand_Da_Nang_Hotel_Spa-Da_Nang.html?
d17376278,THI Boutique Villa,4.6,22.0,Hotel,https://www.tripadvisor.com/Hotel_Review-g298085-d17376278-Reviews-Thi_Boutique_Villa-Da_Nang.html?
d14016789,Rosetta Hotel & Apartment,4.3,19.0,Hotel,https://www.tripadvisor.com/Hotel_Review-g298085-d14016789-Reviews-Rosetta_Hotel_Apartment-Da_Nang.html?
d23369361,GIG Living,4.9,19.0,Hotel,https://www.tripadvisor.com/Hotel_Review-g298085-d23369361-Reviews-GIG_Living-Da_Nang.html?
d28116478,M Village Hotel Da Nang Centre,4.9,38.0,Hotel,https://www.tripadvisor.com/Hotel_Review-g298085-d28116478-Reviews-M_Village_Hotel_Da_Nang_Centre-Da_Nang.html?
d3209453,Khách sạn Fortune,4.4,5.0,Hotel,https://www.tripadvisor.com/Hotel_Review-g298085-d3209453-Reviews-Fortune_Hotel-Da_Nang.html?
d15816453,King House Villa Hotel,4.3,19.0,Hotel,https://www.tripadvisor.com/Hotel_Review-g298085-d15816453-Reviews-King_House_Villa_Hotel-Da_Nang.html?
d27939090,Centre Point Danang Hotel & Residence,5.0,77.0,Hotel,https://www.tripadvisor.com/Hotel_Review-g298085-d27939090-Reviews-Centre_Point_Danang_Hotel_Residence-Da_Nang.html?
d15097614,The Blossom House,4.6,76.0,Hotel,https://www.tripadvisor.com/Hotel_Review-g298085-d15097614-Reviews-The_Blossom_House-Da_Nang.html?
d12596649,Lis Hotel,4.6,19.0,Hotel,https://www.tripadvisor.com/Hotel_Review-g298085-d12596649-Reviews-Lis_Hotel-Da_Nang.html?
d15836870,The Glomad Danang Hotel,4.7,68.0,Hotel,https://www.tripadvisor.com/Hotel_Review-g298085-d15836870-Reviews-The_Glomad_Danang_Hotel-Da_Nang.html?
d12011928,Căn Hộ Cho Thuê The Eastside,5.0,9.0,Hotel,https://www.tripadvisor.com/Hotel_Review-g298085-d12011928-Reviews-The_Eastside_Apartment-Da_Nang.html?
d15029037,The Five Villas - Ocean Villas Da Nang,4.4,9.0,Hotel,https://www.tripadvisor.com/Hotel_Review-g298085-d15029037-Reviews-The_Five_Villas_Ocean_Villas_Da_Nang-Da_Nang.html?
d589319,Sandy Beach Non Nuoc Resort,4.1,1336.0,Hotel,https://www.tripadvisor.com/Hotel_Review-g298085-d589319-Reviews-Sandy_Beach_Non_Nuoc_Resort-Da_Nang.html?
d8132288,Khách sạn Jazz,4.0,214.0,Hotel,https://www.tripadvisor.com/Hotel_Review-g298085-d8132288-Reviews-Jazz_Hotel-Da_Nang.html?
d5964945,Khách sạn Thalassa Boutique,4.1,81.0,Hotel,https://www.tripadvisor.com/Hotel_Review-g298085-d5964945-Reviews-Thalassa_Boutique_Hotel-Da_Nang.html?
d7174378,Tay Bac Hotel,3.8,40.0,Hotel,https://www.tripadvisor.com/Hotel_Review-g298085-d7174378-Reviews-Tay_Bac_Hotel-Da_Nang.html?
d3515399,Khách sạn Jay Grand,3.7,10.0,Hotel,https://www.tripadvisor.com/Hotel_Review-g298085-d3515399-Reviews-Jay_Grand_Hotel-Da_Nang.html?
d8112542,Gold Luxury Hotel,3.3,40.0,Hotel,https://www.tripadvisor.com/Hotel_Review-g298085-d8112542-Reviews-Gold_Luxury_Hotel-Da_Nang.html?
d19096949,RHM Luxury Đà Nẵng,3.3,10.0,Hotel,https://www.tripadvisor.com/Hotel_Review-g298085-d19096949-Reviews-RHM_Luxury_Da_N_ng-Da_Nang.html?
d19096949,RHM Luxury Đà Nẵng,3.3,10.0,Hotel,https://www.tripadvisor.com/Hotel_Review-g298085-d19096949-Reviews-RHM_Luxury_Da_N_ng-Da_Nang.html?
d1978058,Sea Wonder Hotel,4.0,117.0,Hotel,https://www.tripadvisor.com/Hotel_Review-g298085-d1978058-Reviews-Sea_Wonder_Hotel-Da_Nang.html?
d17484084,CN Palace Boutique Hotel & Spa,4.0,20.0,Hotel,https://www.tripadvisor.com/Hotel_Review-g298085-d17484084-Reviews-CN_Palace_Boutique_Hotel_Spa-Da_Nang.html?
d3490083,Khách sạn Seventeen Saloon,3.3,36.0,Hotel,https://www.tripadvisor.com/Hotel_Review-g298085-d3490083-Reviews-Seventeen_Saloon_Hotel-Da_Nang.html?
d11981687,5D Upper Dorm,4.1,14.0,Hotel,https://www.tripadvisor.com/Hotel_Review-g298085-d11981687-Reviews-5D_Upper_Dorm-Da_Nang.html?
d12338937,Khách sạn Hemera Boutique,4.2,13.0,Hotel,https://www.tripadvisor.com/Hotel_Review-g298085-d12338937-Reviews-Hemera_Boutique_Hotel-Da_Nang.html?
d10424492,Khách sạn Hoa Phong,4.1,18.0,Hotel,https://www.tripadvisor.com/Hotel_Review-g298085-d10424492-Reviews-Hoa_Phong_Hotel-Da_Nang.html?
d23975733,Angel Hotels Beach Đà Nẵng,4.0,16.0,Hotel,https://www.tripadvisor.com/Hotel_Review-g298085-d23975733-Reviews-Angel_Hotels_Beach_Danang-Da_Nang.html?
d6585545,Khách sạn Suite De Ville,3.5,46.0,Hotel,https://www.tripadvisor.com/Hotel_Review-g298085-d6585545-Reviews-Suite_De_Ville_Da_Nang_Beach-Da_Nang.html?
d17790244,Dreamy Sky Boutique Hotel,3.3,7.0,Hotel,https://www.tripadvisor.com/Hotel_Review-g298085-d17790244-Reviews-Dreamy_Sky_Boutique_Hotel-Da_Nang.html?
d5981980,Truong Son Tung 2 Hotel,3.4,15.0,Hotel,https://www.tripadvisor.com/Hotel_Review-g298085-d5981980-Reviews-Truong_Son_Tung_2_Hotel-Da_Nang.html?
d3210927,Sun Moon Hotel & Hostel,4.2,16.0,Hotel,https://www.tripadvisor.com/Hotel_Review-g298085-d3210927-Reviews-Sun_Moon_Hotel_Hostel-Da_Nang.html?
d8860867,Moonshine Beach Hostel,4.1,29.0,Hotel,https://www.tripadvisor.com/Hotel_Review-g298085-d8860867-Reviews-Moonshine_Beach_Hostel-Da_Nang.html?
d12430718,Khách Sạn Merry Land,4.0,26.0,Hotel,https://www.tripadvisor.com/Hotel_Review-g298085-d12430718-Reviews-Merry_Land_Hotel-Da_Nang.html?
d3357810,Khách sạn Champa,3.6,30.0,Hotel,https://www.tripadvisor.com/Hotel_Review-g298085-d3357810-Reviews-Champa_Hotel-Da_Nang.html?
d456972,Khách sạn Hoàng Gia Đà Nẵng,2.9,37.0,Hotel,https://www.tripadvisor.com/Hotel_Review-g298085-d456972-Reviews-Royal_Hotel_Danang-Da_Nang.html?
d1570954,Khách sạn Varna,3.5,29.0,Hotel,https://www.tripadvisor.com/Hotel_Review-g298085-d1570954-Reviews-Varna_Hotel-Da_Nang.html?
d14068043,Khách sạn Bình Dương,3.5,27.0,Hotel,https://www.tripadvisor.com/Hotel_Review-g298085-d14068043-Reviews-Hotel_Binh_Duong-Da_Nang.html?
d9808277,Khách sạn Kingdom,3.8,22.0,Hotel,https://www.tripadvisor.com/Hotel_Review-g298085-d9808277-Reviews-Kingdom_Hotel-Da_Nang.html?
d12006927,Khách Sạn Avora,4.3,152.0,Hotel,https://www.tripadvisor.com/Hotel_Review-g298085-d12006927-Reviews-AVORA_Hotel_Danang-Da_Nang.html?
d15815450,The Eatery,4.9,227.0,Restaurant,https://www.tripadvisor.com/Restaurant_Review-g298085-d15815450-Reviews-The_Eatery-Da_Nang.html
d8132659,The Blossom Resort Island - All Inclusive,4.6,481.0,Hotel,https://www.tripadvisor.com/Hotel_Review-g298085-d8132659-Reviews-The_Blossom_Resort_Island_All_Inclusive-Da_Nang.html?
d26347664,Nia Cafe Da Nang,4.9,39.0,Restaurant,https://www.tripadvisor.com/Restaurant_Review-g298085-d26347664-Reviews-Nia_Cafe_Da_Nang-Da_Nang.html
d6637090,Nuong Da Thanh,4.3,128.0,Restaurant,https://www.tripadvisor.com/Restaurant_Review-g298085-d6637090-Reviews-Nuong_Da_Thanh-Da_Nang.html
